File Name,REC. TIME,EVENT#,CALL TYPE,LOCATION,Pd Zone:,Pd Grid:,Validation Link
10402 N 56th.pdf,14:02,2022034861,1006-Busy,10402 N 56th St.,Z2,221,https://journaliststudio.google.com/pinpoint-extract/preview?collection=db477e65b9a17d34&job=fb839ccbe5807225&docid=bbf4d122b1e7c999_db477e65b9a17d34&schid=8001&row=0&page=0
10402 N 56th.pdf,09:04,2022035363,1006-Busy,10402 N 56th St.,Z2,,https://journaliststudio.google.com/pinpoint-extract/preview?collection=db477e65b9a17d34&job=fb839ccbe5807225&docid=bbf4d122b1e7c999_db477e65b9a17d34&schid=8001&row=1&page=0
10402 N 56th.pdf,09:19,2022035367,S68-Police Service C,10402 N 56th St.,Z2,221,https://journaliststudio.google.com/pinpoint-extract/preview?collection=db477e65b9a17d34&job=fb839ccbe5807225&docid=bbf4d122b1e7c999_db477e65b9a17d34&schid=8001&row=2&page=0
10402 N 56th.pdf,14:42,2022035414,1006-Busy,10402 N 56th St.,,221,https://journaliststudio.google.com/pinpoint-extract/preview?collection=db477e65b9a17d34&job=fb839ccbe5807225&docid=bbf4d122b1e7c999_db477e65b9a17d34&schid=8001&row=3&page=0
10402 N 56th.pdf,06:21,2022035532,DP-Directed Patrol,10402 N 56th St.,,221,https://journaliststudio.google.com/pinpoint-extract/preview?collection=db477e65b9a17d34&job=fb839ccbe5807225&docid=bbf4d122b1e7c999_db477e65b9a17d34&schid=8001&row=4&page=0
10402 N 56th.pdf,07:34,2022035542,1006-Busy,10402 N 56th St.,,221,https://journaliststudio.google.com/pinpoint-extract/preview?collection=db477e65b9a17d34&job=fb839ccbe5807225&docid=bbf4d122b1e7c999_db477e65b9a17d34&schid=8001&row=5&page=0
10402 N 56th.pdf,06:52,2022036045,STER-Traffic Enforce,10402 N 56th St.,Z2,221,https://journaliststudio.google.com/pinpoint-extract/preview?collection=db477e65b9a17d34&job=fb839ccbe5807225&docid=bbf4d122b1e7c999_db477e65b9a17d34&schid=8001&row=6&page=0
10402 N 56th.pdf,06:57,2022036175,STER-Traffic Enforce,10402 N 56th St.,Z2,221,https://journaliststudio.google.com/pinpoint-extract/preview?collection=db477e65b9a17d34&job=fb839ccbe5807225&docid=bbf4d122b1e7c999_db477e65b9a17d34&schid=8001&row=7&page=0
10402 N 56th.pdf,06:58,2022036176,STER-Traffic Enforce,10402 N 56th St.,Z2,221,https://journaliststudio.google.com/pinpoint-extract/preview?collection=db477e65b9a17d34&job=fb839ccbe5807225&docid=bbf4d122b1e7c999_db477e65b9a17d34&schid=8001&row=8&page=0
10402 N 56th.pdf,07:18,2022036183,T-Traffic Stop,10402 N 56th St.,,221,https://journaliststudio.google.com/pinpoint-extract/preview?collection=db477e65b9a17d34&job=fb839ccbe5807225&docid=bbf4d122b1e7c999_db477e65b9a17d34&schid=8001&row=9&page=0
10402 N 56th.pdf,07:03,2022036324,STER-Traffic Enforce,10402 N 56th St.,,221,https://journaliststudio.google.com/pinpoint-extract/preview?collection=db477e65b9a17d34&job=fb839ccbe5807225&docid=bbf4d122b1e7c999_db477e65b9a17d34&schid=8001&row=10&page=0
10402 N 56th.pdf,07:12,2022036326,STER-Traffic Enforce,10402 N 56th St.,,221,https://journaliststudio.google.com/pinpoint-extract/preview?collection=db477e65b9a17d34&job=fb839ccbe5807225&docid=bbf4d122b1e7c999_db477e65b9a17d34&schid=8001&row=11&page=0
10402 N 56th.pdf,09:19,2022036356,FP-Foot Patrol,10402 N 56th St.,,221,https://journaliststudio.google.com/pinpoint-extract/preview?collection=db477e65b9a17d34&job=fb839ccbe5807225&docid=bbf4d122b1e7c999_db477e65b9a17d34&schid=8001&row=12&page=0
10402 N 56th.pdf,07:15,2022036480,STER-Traffic Enforce,10402 N 56th St.,Z2,221,https://journaliststudio.google.com/pinpoint-extract/preview?collection=db477e65b9a17d34&job=fb839ccbe5807225&docid=bbf4d122b1e7c999_db477e65b9a17d34&schid=8001&row=13&page=0
10402 N 56th.pdf,07:15,2022036482,S17-Attempt To Conta,10402 N 56th St.,Z2,221,https://journaliststudio.google.com/pinpoint-extract/preview?collection=db477e65b9a17d34&job=fb839ccbe5807225&docid=bbf4d122b1e7c999_db477e65b9a17d34&schid=8001&row=14&page=0
10402 N 56th.pdf,08:50,2022036497,1006-Busy,10402 N 56th St.,Z2,221,https://journaliststudio.google.com/pinpoint-extract/preview?collection=db477e65b9a17d34&job=fb839ccbe5807225&docid=bbf4d122b1e7c999_db477e65b9a17d34&schid=8001&row=15&page=0
10402 N 56th.pdf,11:41,2022036519,S68-Police Service C,10402 N 56th St.,,221,https://journaliststudio.google.com/pinpoint-extract/preview?collection=db477e65b9a17d34&job=fb839ccbe5807225&docid=bbf4d122b1e7c999_db477e65b9a17d34&schid=8001&row=16&page=0
10402 N 56th.pdf,12:01,2022036521,,10402 N 56th St.,ន,221,https://journaliststudio.google.com/pinpoint-extract/preview?collection=db477e65b9a17d34&job=fb839ccbe5807225&docid=bbf4d122b1e7c999_db477e65b9a17d34&schid=8001&row=17&page=0
10402 N 56th.pdf,08:49,2022037082,SSD-Safe School Dril,10402 N 56th St.,ន,221,https://journaliststudio.google.com/pinpoint-extract/preview?collection=db477e65b9a17d34&job=fb839ccbe5807225&docid=bbf4d122b1e7c999_db477e65b9a17d34&schid=8001&row=18&page=0
10402 N 56th.pdf,12:35,2022037285,FP-Foot Patrol,10402 N 56th St.,ន,221,https://journaliststudio.google.com/pinpoint-extract/preview?collection=db477e65b9a17d34&job=fb839ccbe5807225&docid=bbf4d122b1e7c999_db477e65b9a17d34&schid=8001&row=19&page=0
10402 N 56th.pdf,07:02,2022037399,STER-Traffic Enforce,10402 N 56th St.,ន Z2,221,https://journaliststudio.google.com/pinpoint-extract/preview?collection=db477e65b9a17d34&job=fb839ccbe5807225&docid=bbf4d122b1e7c999_db477e65b9a17d34&schid=8001&row=20&page=0
10402 N 56th.pdf,07:11,2022037572,STER-Traffic Enforce,10402 N 56th St.,ន,221,https://journaliststudio.google.com/pinpoint-extract/preview?collection=db477e65b9a17d34&job=fb839ccbe5807225&docid=bbf4d122b1e7c999_db477e65b9a17d34&schid=8001&row=21&page=0
10402 N 56th.pdf,11:50,2022038001,FP-Foot Patrol,10402 N 56th St.,ន,,https://journaliststudio.google.com/pinpoint-extract/preview?collection=db477e65b9a17d34&job=fb839ccbe5807225&docid=bbf4d122b1e7c999_db477e65b9a17d34&schid=8001&row=22&page=0
10402 N 56th.pdf,07:13,2022038146,STER-Traffic Enforce,10402 N 56th St.,ន,221,https://journaliststudio.google.com/pinpoint-extract/preview?collection=db477e65b9a17d34&job=fb839ccbe5807225&docid=bbf4d122b1e7c999_db477e65b9a17d34&schid=8001&row=23&page=0
10402 N 56th.pdf,06:52,2022038345,RA-Risk Assessment,10402 N 56th St.,ន,221,https://journaliststudio.google.com/pinpoint-extract/preview?collection=db477e65b9a17d34&job=fb839ccbe5807225&docid=bbf4d122b1e7c999_db477e65b9a17d34&schid=8001&row=24&page=0
10402 N 56th.pdf,11:53,2022038380,S16-Highway Obstruct,10402 N 56th St.,ន,221,https://journaliststudio.google.com/pinpoint-extract/preview?collection=db477e65b9a17d34&job=fb839ccbe5807225&docid=bbf4d122b1e7c999_db477e65b9a17d34&schid=8001&row=25&page=0
10402 N 56th.pdf,10:24,2022038526,FP-Foot Patrol,10402 N 56th St.,ន,221,https://journaliststudio.google.com/pinpoint-extract/preview?collection=db477e65b9a17d34&job=fb839ccbe5807225&docid=bbf4d122b1e7c999_db477e65b9a17d34&schid=8001&row=26&page=0
10402 N 56th.pdf,07:14,2022038613,STER-Traffic Enforce,10402 N 56th St.,ន,221,https://journaliststudio.google.com/pinpoint-extract/preview?collection=db477e65b9a17d34&job=fb839ccbe5807225&docid=bbf4d122b1e7c999_db477e65b9a17d34&schid=8001&row=27&page=0
10402 N 56th.pdf,20:23,2022038710,DP-Directed Patrol,10402 N 56th St.,ន,,https://journaliststudio.google.com/pinpoint-extract/preview?collection=db477e65b9a17d34&job=fb839ccbe5807225&docid=bbf4d122b1e7c999_db477e65b9a17d34&schid=8001&row=28&page=0
10402 N 56th.pdf,09:40 07:11,2022038965 2022039051,DP-Directed Patrol STER-Traffic Enforce,10402 N 56th St. 10402 N 56th St.,ន ន,221 221,https://journaliststudio.google.com/pinpoint-extract/preview?collection=db477e65b9a17d34&job=fb839ccbe5807225&docid=bbf4d122b1e7c999_db477e65b9a17d34&schid=8001&row=29&page=0
10402 N 56th.pdf,07:16,2022039175,STER-Traffic Enforce,10402 N 56th St.,ន,221,https://journaliststudio.google.com/pinpoint-extract/preview?collection=db477e65b9a17d34&job=fb839ccbe5807225&docid=bbf4d122b1e7c999_db477e65b9a17d34&schid=8001&row=30&page=0
10402 N 56th.pdf,07:25,2022039300,STER-Traffic Enforce,10402 N 56th St.,ន Z2,221,https://journaliststudio.google.com/pinpoint-extract/preview?collection=db477e65b9a17d34&job=fb839ccbe5807225&docid=bbf4d122b1e7c999_db477e65b9a17d34&schid=8001&row=31&page=0
10402 N 56th.pdf,erated on,06/08/23 at 10:06,,,,,https://journaliststudio.google.com/pinpoint-extract/preview?collection=db477e65b9a17d34&job=fb839ccbe5807225&docid=bbf4d122b1e7c999_db477e65b9a17d34&schid=8001&row=32&page=0
10402 N 56th.pdf,11:12 07:19,2022039335 2022039429,S14-Information STER-Traffic Enforce,10402 N 56th St. 10402 N 56th St.,ន Z2 ន Z2,221 221,https://journaliststudio.google.com/pinpoint-extract/preview?collection=db477e65b9a17d34&job=fb839ccbe5807225&docid=bbf4d122b1e7c999_db477e65b9a17d34&schid=8001&row=33&page=1
10402 N 56th.pdf,13:17,2022039468,S68-Police Service C,10402 N 56th St.,ន Z2,221,https://journaliststudio.google.com/pinpoint-extract/preview?collection=db477e65b9a17d34&job=fb839ccbe5807225&docid=bbf4d122b1e7c999_db477e65b9a17d34&schid=8001&row=34&page=1
10402 N 56th.pdf,14:59,2022039479,STER-Traffic Enforce,10402 N 56th St.,ន,221,https://journaliststudio.google.com/pinpoint-extract/preview?collection=db477e65b9a17d34&job=fb839ccbe5807225&docid=bbf4d122b1e7c999_db477e65b9a17d34&schid=8001&row=35&page=1
10402 N 56th.pdf,07:22,2022039977,STER-Traffic Enforce,10402 N 56th St.,ន,221,https://journaliststudio.google.com/pinpoint-extract/preview?collection=db477e65b9a17d34&job=fb839ccbe5807225&docid=bbf4d122b1e7c999_db477e65b9a17d34&schid=8001&row=36&page=1
10402 N 56th.pdf,08:48,2022039990,S68-Police Service C,10402 N 56th St.,ន,221,https://journaliststudio.google.com/pinpoint-extract/preview?collection=db477e65b9a17d34&job=fb839ccbe5807225&docid=bbf4d122b1e7c999_db477e65b9a17d34&schid=8001&row=37&page=1
10402 N 56th.pdf,07:26,2022040165,STER-Traffic Enforce,10402 N 56th St.,ន,221,https://journaliststudio.google.com/pinpoint-extract/preview?collection=db477e65b9a17d34&job=fb839ccbe5807225&docid=bbf4d122b1e7c999_db477e65b9a17d34&schid=8001&row=38&page=1
10402 N 56th.pdf,07:53,2022040167,$22-Disturbance,10402 N 56th St.,ន Z2,221,https://journaliststudio.google.com/pinpoint-extract/preview?collection=db477e65b9a17d34&job=fb839ccbe5807225&docid=bbf4d122b1e7c999_db477e65b9a17d34&schid=8001&row=39&page=1
10402 N 56th.pdf,18:35,2022040537,S68-Police Service C,10402 N 56th St.,ន,221,https://journaliststudio.google.com/pinpoint-extract/preview?collection=db477e65b9a17d34&job=fb839ccbe5807225&docid=bbf4d122b1e7c999_db477e65b9a17d34&schid=8001&row=40&page=1
10402 N 56th.pdf,10:08,2022040976,S68-Police Service C,10402 N 56th St.,ន,221,https://journaliststudio.google.com/pinpoint-extract/preview?collection=db477e65b9a17d34&job=fb839ccbe5807225&docid=bbf4d122b1e7c999_db477e65b9a17d34&schid=8001&row=41&page=1
10402 N 56th.pdf,08:09,2022041254,SSD-Safe School Dril,10402 N 56th St.,ន,221,https://journaliststudio.google.com/pinpoint-extract/preview?collection=db477e65b9a17d34&job=fb839ccbe5807225&docid=bbf4d122b1e7c999_db477e65b9a17d34&schid=8001&row=42&page=1
10402 N 56th.pdf,07:20,2022041372,STER-Traffic Enforce,10402 N 56th St.,,221,https://journaliststudio.google.com/pinpoint-extract/preview?collection=db477e65b9a17d34&job=fb839ccbe5807225&docid=bbf4d122b1e7c999_db477e65b9a17d34&schid=8001&row=43&page=1
10402 N 56th.pdf,02:44,2022042035,DP-Directed Patrol,10402 N 56th St.,,221,https://journaliststudio.google.com/pinpoint-extract/preview?collection=db477e65b9a17d34&job=fb839ccbe5807225&docid=bbf4d122b1e7c999_db477e65b9a17d34&schid=8001&row=44&page=1
10402 N 56th.pdf,09:12,2022042096,DP-Directed Patrol,10402 N 56th St.,Z2,221,https://journaliststudio.google.com/pinpoint-extract/preview?collection=db477e65b9a17d34&job=fb839ccbe5807225&docid=bbf4d122b1e7c999_db477e65b9a17d34&schid=8001&row=45&page=1
10402 N 56th.pdf,08:22,2022042842,1006-Busy,10402 N 56th St.,Z2,,https://journaliststudio.google.com/pinpoint-extract/preview?collection=db477e65b9a17d34&job=fb839ccbe5807225&docid=bbf4d122b1e7c999_db477e65b9a17d34&schid=8001&row=46&page=1
10402 N 56th.pdf,07:42,2022042975,STER-Traffic Enforce,10402 N 56th St.,Z2,221,https://journaliststudio.google.com/pinpoint-extract/preview?collection=db477e65b9a17d34&job=fb839ccbe5807225&docid=bbf4d122b1e7c999_db477e65b9a17d34&schid=8001&row=47&page=1
10402 N 56th.pdf,10:03,2022042992,FP-Foot Patrol,10402 N 56th St.,Z2,221,https://journaliststudio.google.com/pinpoint-extract/preview?collection=db477e65b9a17d34&job=fb839ccbe5807225&docid=bbf4d122b1e7c999_db477e65b9a17d34&schid=8001&row=48&page=1
10402 N 56th.pdf,07:34,2022043116,STER-Traffic Enforce,10402 N 56th St.,,221,https://journaliststudio.google.com/pinpoint-extract/preview?collection=db477e65b9a17d34&job=fb839ccbe5807225&docid=bbf4d122b1e7c999_db477e65b9a17d34&schid=8001&row=49&page=1
10402 N 56th.pdf,00:44,2022043243,DP-Directed Patrol,10402 N 56th St.,,,https://journaliststudio.google.com/pinpoint-extract/preview?collection=db477e65b9a17d34&job=fb839ccbe5807225&docid=bbf4d122b1e7c999_db477e65b9a17d34&schid=8001&row=50&page=1
10402 N 56th.pdf,03:35,2022043263,DP-Directed Patrol,10402 N 56th St.,,221,https://journaliststudio.google.com/pinpoint-extract/preview?collection=db477e65b9a17d34&job=fb839ccbe5807225&docid=bbf4d122b1e7c999_db477e65b9a17d34&schid=8001&row=51&page=1
10402 N 56th.pdf,10:36,2022043310,FP-Foot Patrol,10402 N 56th St.,Z2,221,https://journaliststudio.google.com/pinpoint-extract/preview?collection=db477e65b9a17d34&job=fb839ccbe5807225&docid=bbf4d122b1e7c999_db477e65b9a17d34&schid=8001&row=52&page=1
10402 N 56th.pdf,16:17,2022043354,S08J-Missing Juvenil,10402 N 56th St.,Z2,221,https://journaliststudio.google.com/pinpoint-extract/preview?collection=db477e65b9a17d34&job=fb839ccbe5807225&docid=bbf4d122b1e7c999_db477e65b9a17d34&schid=8001&row=53&page=1
10402 N 56th.pdf,00:06,2022043398,K9-T-K9-Training,10402 N 56th St.,Z2,221,https://journaliststudio.google.com/pinpoint-extract/preview?collection=db477e65b9a17d34&job=fb839ccbe5807225&docid=bbf4d122b1e7c999_db477e65b9a17d34&schid=8001&row=54&page=1
10402 N 56th.pdf,06:58,2022043443,S68-Police Service C,10402 N 56th St.,,221,https://journaliststudio.google.com/pinpoint-extract/preview?collection=db477e65b9a17d34&job=fb839ccbe5807225&docid=bbf4d122b1e7c999_db477e65b9a17d34&schid=8001&row=55&page=1
10402 N 56th.pdf,15:30,2022043758,K9-T-K9-Training,10402 N 56th St.,,221,https://journaliststudio.google.com/pinpoint-extract/preview?collection=db477e65b9a17d34&job=fb839ccbe5807225&docid=bbf4d122b1e7c999_db477e65b9a17d34&schid=8001&row=56&page=1
10402 N 56th.pdf,21:21,2022043938,DP-Directed Patrol,10402 N 56th St.,ន,221,https://journaliststudio.google.com/pinpoint-extract/preview?collection=db477e65b9a17d34&job=fb839ccbe5807225&docid=bbf4d122b1e7c999_db477e65b9a17d34&schid=8001&row=57&page=1
10402 N 56th.pdf,07:31,2022044014,STER-Traffic Enforce,10402 N 56th St.,ន,221,https://journaliststudio.google.com/pinpoint-extract/preview?collection=db477e65b9a17d34&job=fb839ccbe5807225&docid=bbf4d122b1e7c999_db477e65b9a17d34&schid=8001&row=58&page=1
10402 N 56th.pdf,07:33,2022044194,STER-Traffic Enforce,10402 N 56th St.,ន Z2,221,https://journaliststudio.google.com/pinpoint-extract/preview?collection=db477e65b9a17d34&job=fb839ccbe5807225&docid=bbf4d122b1e7c999_db477e65b9a17d34&schid=8001&row=59&page=1
10402 N 56th.pdf,08:12,2022044200,1006-Busy,10402 N 56th St.,ន Z2,221,https://journaliststudio.google.com/pinpoint-extract/preview?collection=db477e65b9a17d34&job=fb839ccbe5807225&docid=bbf4d122b1e7c999_db477e65b9a17d34&schid=8001&row=60&page=1
10402 N 56th.pdf,08:52,2022044207,SSD-Safe School Dril,10402 N 56th St.,ន,221,https://journaliststudio.google.com/pinpoint-extract/preview?collection=db477e65b9a17d34&job=fb839ccbe5807225&docid=bbf4d122b1e7c999_db477e65b9a17d34&schid=8001&row=61&page=1
10402 N 56th.pdf,07:33,2022044342,STER-Traffic Enforce,10402 N 56th St.,ន,221,https://journaliststudio.google.com/pinpoint-extract/preview?collection=db477e65b9a17d34&job=fb839ccbe5807225&docid=bbf4d122b1e7c999_db477e65b9a17d34&schid=8001&row=62&page=1
10402 N 56th.pdf,07:36,2022045124,STFR-Traffic Enforce,10402 N 56th St.,ន,221,https://journaliststudio.google.com/pinpoint-extract/preview?collection=db477e65b9a17d34&job=fb839ccbe5807225&docid=bbf4d122b1e7c999_db477e65b9a17d34&schid=8001&row=63&page=1
10402 N 56th.pdf,12:17,2022045165,,10402 N 56th St.,ន,221,https://journaliststudio.google.com/pinpoint-extract/preview?collection=db477e65b9a17d34&job=fb839ccbe5807225&docid=bbf4d122b1e7c999_db477e65b9a17d34&schid=8001&row=64&page=1
10402 N 56th.pdf,07:31,2022045381,STER-Traffic Enforce,10402 N 56th St.,ន,221,https://journaliststudio.google.com/pinpoint-extract/preview?collection=db477e65b9a17d34&job=fb839ccbe5807225&docid=bbf4d122b1e7c999_db477e65b9a17d34&schid=8001&row=65&page=1
10402 N 56th.pdf,07:29,2022045882,STER-Traffic Enforce,10402 N 56th St.,ន,,https://journaliststudio.google.com/pinpoint-extract/preview?collection=db477e65b9a17d34&job=fb839ccbe5807225&docid=bbf4d122b1e7c999_db477e65b9a17d34&schid=8001&row=66&page=1
10402 N 56th.pdf,07:32,2022046006,STER-Traffic Enforce,10402 N 56th St.,ន,221,https://journaliststudio.google.com/pinpoint-extract/preview?collection=db477e65b9a17d34&job=fb839ccbe5807225&docid=bbf4d122b1e7c999_db477e65b9a17d34&schid=8001&row=67&page=1
10402 N 56th.pdf,12:34 07:28,2022046052 2022046279,1006-Busy STER-Traffic Enforce,10402 N 56th St. 10402 N 56th St.,ន ន,221 221,https://journaliststudio.google.com/pinpoint-extract/preview?collection=db477e65b9a17d34&job=fb839ccbe5807225&docid=bbf4d122b1e7c999_db477e65b9a17d34&schid=8001&row=68&page=1
10402 N 56th.pdf,23:02,2022046500,T-Traffic Stop,10402 N 56th St.,ន,221,https://journaliststudio.google.com/pinpoint-extract/preview?collection=db477e65b9a17d34&job=fb839ccbe5807225&docid=bbf4d122b1e7c999_db477e65b9a17d34&schid=8001&row=69&page=1
10402 N 56th.pdf,07:33,2022046839,STER-Traffic Enforce,10402 N 56th St.,ន Z2,221,https://journaliststudio.google.com/pinpoint-extract/preview?collection=db477e65b9a17d34&job=fb839ccbe5807225&docid=bbf4d122b1e7c999_db477e65b9a17d34&schid=8001&row=70&page=1
10402 N 56th.pdf,11:51,2022046874,S45-911 Hang Up,10402 N 56th St.,ន Z2,221,https://journaliststudio.google.com/pinpoint-extract/preview?collection=db477e65b9a17d34&job=fb839ccbe5807225&docid=bbf4d122b1e7c999_db477e65b9a17d34&schid=8001&row=71&page=1
10402 N 56th.pdf,07:27,2022046989,STER-Traffic Enforce,10402 N 56th St.,Z2,221,https://journaliststudio.google.com/pinpoint-extract/preview?collection=db477e65b9a17d34&job=fb839ccbe5807225&docid=bbf4d122b1e7c999_db477e65b9a17d34&schid=8001&row=72&page=2
10402 N 56th.pdf,09:43,2022047117,RA-Risk Assessment,10402 N 56th St.,Z2,221,https://journaliststudio.google.com/pinpoint-extract/preview?collection=db477e65b9a17d34&job=fb839ccbe5807225&docid=bbf4d122b1e7c999_db477e65b9a17d34&schid=8001&row=73&page=2
10402 N 56th.pdf,07:32,2022047244,STER-Traffic Enforce,10402 N 56th St.,Z2,221,https://journaliststudio.google.com/pinpoint-extract/preview?collection=db477e65b9a17d34&job=fb839ccbe5807225&docid=bbf4d122b1e7c999_db477e65b9a17d34&schid=8001&row=74&page=2
10402 N 56th.pdf,08:28,2022047639,S31SD-Sim. Battery/a,10402 N 56th St.,,221,https://journaliststudio.google.com/pinpoint-extract/preview?collection=db477e65b9a17d34&job=fb839ccbe5807225&docid=bbf4d122b1e7c999_db477e65b9a17d34&schid=8001&row=75&page=2
10402 N 56th.pdf,07:35,2022047784,STER-Traffic Enforce,10402 N 56th St.,,221,https://journaliststudio.google.com/pinpoint-extract/preview?collection=db477e65b9a17d34&job=fb839ccbe5807225&docid=bbf4d122b1e7c999_db477e65b9a17d34&schid=8001&row=76&page=2
10402 N 56th.pdf,07:27,2022047914,STER-Traffic Enforce,10402 N 56th St.,,221,https://journaliststudio.google.com/pinpoint-extract/preview?collection=db477e65b9a17d34&job=fb839ccbe5807225&docid=bbf4d122b1e7c999_db477e65b9a17d34&schid=8001&row=77&page=2
10402 N 56th.pdf,13:16,2022047970,SSD-Safe School Dril,10402 N 56th St.,,221,https://journaliststudio.google.com/pinpoint-extract/preview?collection=db477e65b9a17d34&job=fb839ccbe5807225&docid=bbf4d122b1e7c999_db477e65b9a17d34&schid=8001&row=78&page=2
10402 N 56th.pdf,13:26,2022048303,S68-Police Service C,10402 N 56th St.,,221,https://journaliststudio.google.com/pinpoint-extract/preview?collection=db477e65b9a17d34&job=fb839ccbe5807225&docid=bbf4d122b1e7c999_db477e65b9a17d34&schid=8001&row=79&page=2
10402 N 56th.pdf,14:01,2022048702,S17-Attempt To Conta,10402 N 56th St.,,221,https://journaliststudio.google.com/pinpoint-extract/preview?collection=db477e65b9a17d34&job=fb839ccbe5807225&docid=bbf4d122b1e7c999_db477e65b9a17d34&schid=8001&row=80&page=2
10402 N 56th.pdf,07:22,2022048783,STER-Traffic Enforce,10402 N 56th St.,Z2,,https://journaliststudio.google.com/pinpoint-extract/preview?collection=db477e65b9a17d34&job=fb839ccbe5807225&docid=bbf4d122b1e7c999_db477e65b9a17d34&schid=8001&row=81&page=2
10402 N 56th.pdf,08:46,2022048802,S56-Narcotics Case,10402 N 56th St.,Z2,,https://journaliststudio.google.com/pinpoint-extract/preview?collection=db477e65b9a17d34&job=fb839ccbe5807225&docid=bbf4d122b1e7c999_db477e65b9a17d34&schid=8001&row=82&page=2
10402 N 56th.pdf,08:47,2022048801,S68-Police Service C,10402 N 56th St.,,221,https://journaliststudio.google.com/pinpoint-extract/preview?collection=db477e65b9a17d34&job=fb839ccbe5807225&docid=bbf4d122b1e7c999_db477e65b9a17d34&schid=8001&row=83&page=2
10402 N 56th.pdf,15:33,2022048852,S56-Narcotics Case,10402 N 56th St.,,,https://journaliststudio.google.com/pinpoint-extract/preview?collection=db477e65b9a17d34&job=fb839ccbe5807225&docid=bbf4d122b1e7c999_db477e65b9a17d34&schid=8001&row=84&page=2
10402 N 56th.pdf,17:23,2022048866,S31SD-Sim. Battery/a,10402 N 56th St.,,,https://journaliststudio.google.com/pinpoint-extract/preview?collection=db477e65b9a17d34&job=fb839ccbe5807225&docid=bbf4d122b1e7c999_db477e65b9a17d34&schid=8001&row=85&page=2
10402 N 56th.pdf,11:13,2022048983,S68-Police Service C,10402 N 56th St.,,221,https://journaliststudio.google.com/pinpoint-extract/preview?collection=db477e65b9a17d34&job=fb839ccbe5807225&docid=bbf4d122b1e7c999_db477e65b9a17d34&schid=8001&row=86&page=2
10402 N 56th.pdf,07:22,2022049090,STER-Traffic Enforce,10402 N 56th St.,,221,https://journaliststudio.google.com/pinpoint-extract/preview?collection=db477e65b9a17d34&job=fb839ccbe5807225&docid=bbf4d122b1e7c999_db477e65b9a17d34&schid=8001&row=87&page=2
10402 N 56th.pdf,10:42,2022049110,S68-Police Service C,10402 N 56th St.,,221,https://journaliststudio.google.com/pinpoint-extract/preview?collection=db477e65b9a17d34&job=fb839ccbe5807225&docid=bbf4d122b1e7c999_db477e65b9a17d34&schid=8001&row=88&page=2
10402 N 56th.pdf,07:20,2022049209,STER-Traffic Enforce,10402 N 56th St.,,221,https://journaliststudio.google.com/pinpoint-extract/preview?collection=db477e65b9a17d34&job=fb839ccbe5807225&docid=bbf4d122b1e7c999_db477e65b9a17d34&schid=8001&row=89&page=2
10402 N 56th.pdf,19:54,2022049273,S12-Reckless Vehicle,10402 N 56th St.,,221,https://journaliststudio.google.com/pinpoint-extract/preview?collection=db477e65b9a17d34&job=fb839ccbe5807225&docid=bbf4d122b1e7c999_db477e65b9a17d34&schid=8001&row=90&page=2
10402 N 56th.pdf,16:33,2022049810,K9-T-K9-Training,10402 N 56th St.,,221,https://journaliststudio.google.com/pinpoint-extract/preview?collection=db477e65b9a17d34&job=fb839ccbe5807225&docid=bbf4d122b1e7c999_db477e65b9a17d34&schid=8001&row=91&page=2
10402 N 56th.pdf,11:46,2022050504,RA-Risk Assessment,10402 N 56th St.,,,https://journaliststudio.google.com/pinpoint-extract/preview?collection=db477e65b9a17d34&job=fb839ccbe5807225&docid=bbf4d122b1e7c999_db477e65b9a17d34&schid=8001&row=92&page=2
10402 N 56th.pdf,13:13,2022050512,SSD-Safe School Dril,10402 N 56th St.,,,https://journaliststudio.google.com/pinpoint-extract/preview?collection=db477e65b9a17d34&job=fb839ccbe5807225&docid=bbf4d122b1e7c999_db477e65b9a17d34&schid=8001&row=93&page=2
10402 N 56th.pdf,07:15,2022050617,STER-Traffic Enforce,10402 N 56th St.,,221,https://journaliststudio.google.com/pinpoint-extract/preview?collection=db477e65b9a17d34&job=fb839ccbe5807225&docid=bbf4d122b1e7c999_db477e65b9a17d34&schid=8001&row=94&page=2
10402 N 56th.pdf,08:27,2022050625,S17-Attempt To Conta,10402 N 56th St.,Z2,221,https://journaliststudio.google.com/pinpoint-extract/preview?collection=db477e65b9a17d34&job=fb839ccbe5807225&docid=bbf4d122b1e7c999_db477e65b9a17d34&schid=8001&row=95&page=2
10402 N 56th.pdf,14:31,2022050671,S17-Attempt To Conta,10402 N 56th St.,Z2,,https://journaliststudio.google.com/pinpoint-extract/preview?collection=db477e65b9a17d34&job=fb839ccbe5807225&docid=bbf4d122b1e7c999_db477e65b9a17d34&schid=8001&row=96&page=2
10402 N 56th.pdf,07:20,2022051531,STER-Traffic Enforce,10402 N 56th St.,ន,221,https://journaliststudio.google.com/pinpoint-extract/preview?collection=db477e65b9a17d34&job=fb839ccbe5807225&docid=bbf4d122b1e7c999_db477e65b9a17d34&schid=8001&row=97&page=2
10402 N 56th.pdf,09:02,2022051547,S68-Police Service C,10402 N 56th St.,ន,221,https://journaliststudio.google.com/pinpoint-extract/preview?collection=db477e65b9a17d34&job=fb839ccbe5807225&docid=bbf4d122b1e7c999_db477e65b9a17d34&schid=8001&row=98&page=2
10402 N 56th.pdf,07:26,2022051839,1006-Busy,10402 N 56th St.,ន,221,https://journaliststudio.google.com/pinpoint-extract/preview?collection=db477e65b9a17d34&job=fb839ccbe5807225&docid=bbf4d122b1e7c999_db477e65b9a17d34&schid=8001&row=99&page=2
10402 N 56th.pdf,14:32,2022052624,S45-911 Hang Up,10402 N 56th St.,ន,221,https://journaliststudio.google.com/pinpoint-extract/preview?collection=db477e65b9a17d34&job=fb839ccbe5807225&docid=bbf4d122b1e7c999_db477e65b9a17d34&schid=8001&row=100&page=2
10402 N 56th.pdf,08:45,2022052763,SSD-Safe School Dril,10402 N 56th St.,ន Z2,,https://journaliststudio.google.com/pinpoint-extract/preview?collection=db477e65b9a17d34&job=fb839ccbe5807225&docid=bbf4d122b1e7c999_db477e65b9a17d34&schid=8001&row=101&page=2
10402 N 56th.pdf,13:33,2022052794,SSD-Safe School Dril,10402 N 56th St.,ន Z2,,https://journaliststudio.google.com/pinpoint-extract/preview?collection=db477e65b9a17d34&job=fb839ccbe5807225&docid=bbf4d122b1e7c999_db477e65b9a17d34&schid=8001&row=102&page=2
10402 N 56th.pdf,07:16,2022052891,STER-Traffic Enforce,10402 N 56th St.,ន Z2,221,https://journaliststudio.google.com/pinpoint-extract/preview?collection=db477e65b9a17d34&job=fb839ccbe5807225&docid=bbf4d122b1e7c999_db477e65b9a17d34&schid=8001&row=103&page=2
10402 N 56th.pdf,16:50,2022052957,S68-Police Service C,10402 N 56th St.,ន,,https://journaliststudio.google.com/pinpoint-extract/preview?collection=db477e65b9a17d34&job=fb839ccbe5807225&docid=bbf4d122b1e7c999_db477e65b9a17d34&schid=8001&row=104&page=2
10402 N 56th.pdf,07:24,2022053024,STER-Traffic Enforce,10402 N 56th St.,ន,221,https://journaliststudio.google.com/pinpoint-extract/preview?collection=db477e65b9a17d34&job=fb839ccbe5807225&docid=bbf4d122b1e7c999_db477e65b9a17d34&schid=8001&row=105&page=2
10402 N 56th.pdf,15:29,2022053255,K9-T-K9-Training,10402 N 56th St.,ន,221,https://journaliststudio.google.com/pinpoint-extract/preview?collection=db477e65b9a17d34&job=fb839ccbe5807225&docid=bbf4d122b1e7c999_db477e65b9a17d34&schid=8001&row=106&page=2
10402 N 56th.pdf,07:21,2022053617,STER-Traffic Enforce,10402 N 56th St.,ន Z2,221,https://journaliststudio.google.com/pinpoint-extract/preview?collection=db477e65b9a17d34&job=fb839ccbe5807225&docid=bbf4d122b1e7c999_db477e65b9a17d34&schid=8001&row=107&page=2
10402 N 56th.pdf,07:23,2022053748,STER-Traffic Enforce,10402 N 56th St.,ន Z2,221,https://journaliststudio.google.com/pinpoint-extract/preview?collection=db477e65b9a17d34&job=fb839ccbe5807225&docid=bbf4d122b1e7c999_db477e65b9a17d34&schid=8001&row=108&page=2
10402 N 56th.pdf,08:38,2022054176,RA-Risk Assessment,10402 N 56th St.,ន Z2,221,https://journaliststudio.google.com/pinpoint-extract/preview?collection=db477e65b9a17d34&job=fb839ccbe5807225&docid=bbf4d122b1e7c999_db477e65b9a17d34&schid=8001&row=109&page=2
10402 N 56th.pdf,14:18,2022054363,1040-Meal Break,10402 N 56th St.,ន Z2,221,https://journaliststudio.google.com/pinpoint-extract/preview?collection=db477e65b9a17d34&job=fb839ccbe5807225&docid=bbf4d122b1e7c999_db477e65b9a17d34&schid=8001&row=110&page=2
10402 N 56th.pdf,09:34,2023001319,S14-Information,10402 N 56th St.,ន Z2,,https://journaliststudio.google.com/pinpoint-extract/preview?collection=db477e65b9a17d34&job=fb839ccbe5807225&docid=bbf4d122b1e7c999_db477e65b9a17d34&schid=8001&row=111&page=2
10402 N 56th.pdf,11:15,2023001637,1017-Conducting Inve,10402 N 56th St.,ន Z2,221,https://journaliststudio.google.com/pinpoint-extract/preview?collection=db477e65b9a17d34&job=fb839ccbe5807225&docid=bbf4d122b1e7c999_db477e65b9a17d34&schid=8001&row=112&page=2
124 Flotto.pdf,10:15 07:16,2022034830 2022035149,S68-Police Service C S68-Police Service C,124 Flotto Ave. 124 Flotto Ave.,Z2 Z2,236,https://journaliststudio.google.com/pinpoint-extract/preview?collection=db477e65b9a17d34&job=fb839ccbe5807225&docid=d458a823daf175a6_db477e65b9a17d34&schid=8001&row=0&page=0
124 Flotto.pdf,13:19,2022035397,1006-Busy,124 Flotto Ave.,Z2,,https://journaliststudio.google.com/pinpoint-extract/preview?collection=db477e65b9a17d34&job=fb839ccbe5807225&docid=d458a823daf175a6_db477e65b9a17d34&schid=8001&row=1&page=0
124 Flotto.pdf,07:01,2022035534,DP-Directed Patrol,124 Flotto Ave.,,,https://journaliststudio.google.com/pinpoint-extract/preview?collection=db477e65b9a17d34&job=fb839ccbe5807225&docid=d458a823daf175a6_db477e65b9a17d34&schid=8001&row=2&page=0
124 Flotto.pdf,07:02,2022035535,STER-Traffic Enforce,124 Flotto Ave.,,236,https://journaliststudio.google.com/pinpoint-extract/preview?collection=db477e65b9a17d34&job=fb839ccbe5807225&docid=d458a823daf175a6_db477e65b9a17d34&schid=8001&row=3&page=0
124 Flotto.pdf,07:29,2022035538,1006-Busy,124 Flotto Ave.,ជ,,https://journaliststudio.google.com/pinpoint-extract/preview?collection=db477e65b9a17d34&job=fb839ccbe5807225&docid=d458a823daf175a6_db477e65b9a17d34&schid=8001&row=4&page=0
124 Flotto.pdf,07:30,2022035539,DP-Directed Patrol,124 Flotto Ave.,ជន,236,https://journaliststudio.google.com/pinpoint-extract/preview?collection=db477e65b9a17d34&job=fb839ccbe5807225&docid=d458a823daf175a6_db477e65b9a17d34&schid=8001&row=5&page=0
124 Flotto.pdf,13:54,2022035591,1006-Busy,124 Flotto Ave.,,236,https://journaliststudio.google.com/pinpoint-extract/preview?collection=db477e65b9a17d34&job=fb839ccbe5807225&docid=d458a823daf175a6_db477e65b9a17d34&schid=8001&row=6&page=0
124 Flotto.pdf,13:55,2022035592,STER-Traffic Enforce,124 Flotto Ave.,ន,236,https://journaliststudio.google.com/pinpoint-extract/preview?collection=db477e65b9a17d34&job=fb839ccbe5807225&docid=d458a823daf175a6_db477e65b9a17d34&schid=8001&row=7&page=0
124 Flotto.pdf,14:22,2022035598,DP-Directed Patrol,124 Flotto Ave.,ន,236,https://journaliststudio.google.com/pinpoint-extract/preview?collection=db477e65b9a17d34&job=fb839ccbe5807225&docid=d458a823daf175a6_db477e65b9a17d34&schid=8001&row=8&page=0
124 Flotto.pdf,06:57,2022036174,STER-Traffic Enforce,124 Flotto Ave.,ន,236,https://journaliststudio.google.com/pinpoint-extract/preview?collection=db477e65b9a17d34&job=fb839ccbe5807225&docid=d458a823daf175a6_db477e65b9a17d34&schid=8001&row=9&page=0
124 Flotto.pdf,07:01,2022036177,DP-Directed Patrol,124 Flotto Ave.,ន,,https://journaliststudio.google.com/pinpoint-extract/preview?collection=db477e65b9a17d34&job=fb839ccbe5807225&docid=d458a823daf175a6_db477e65b9a17d34&schid=8001&row=10&page=0
124 Flotto.pdf,07:17,2022036182,T-Traffic Stop,124 Flotto Ave.,ន,236,https://journaliststudio.google.com/pinpoint-extract/preview?collection=db477e65b9a17d34&job=fb839ccbe5807225&docid=d458a823daf175a6_db477e65b9a17d34&schid=8001&row=11&page=0
124 Flotto.pdf,07:40,2022036186,T-Traffic Stop,124 Flotto Ave.,ន,236,https://journaliststudio.google.com/pinpoint-extract/preview?collection=db477e65b9a17d34&job=fb839ccbe5807225&docid=d458a823daf175a6_db477e65b9a17d34&schid=8001&row=12&page=0
124 Flotto.pdf,07:43,2022036188,T-Traffic Stop,124 Flotto Ave.,ន,236,https://journaliststudio.google.com/pinpoint-extract/preview?collection=db477e65b9a17d34&job=fb839ccbe5807225&docid=d458a823daf175a6_db477e65b9a17d34&schid=8001&row=13&page=0
124 Flotto.pdf,07:43,2022036189,T-Traffic Stop,124 Flotto Ave.,ន,236,https://journaliststudio.google.com/pinpoint-extract/preview?collection=db477e65b9a17d34&job=fb839ccbe5807225&docid=d458a823daf175a6_db477e65b9a17d34&schid=8001&row=14&page=0
124 Flotto.pdf,07:52,2022036192,T-Traffic Stop,124 Flotto Ave.,ន,236,https://journaliststudio.google.com/pinpoint-extract/preview?collection=db477e65b9a17d34&job=fb839ccbe5807225&docid=d458a823daf175a6_db477e65b9a17d34&schid=8001&row=15&page=0
124 Flotto.pdf,13:33,2022036238,S14-Information,124 Flotto Ave.,ន,236,https://journaliststudio.google.com/pinpoint-extract/preview?collection=db477e65b9a17d34&job=fb839ccbe5807225&docid=d458a823daf175a6_db477e65b9a17d34&schid=8001&row=16&page=0
124 Flotto.pdf,07:00,2022036322,STER-Traffic Enforce,124 Flotto Ave.,ន,236,https://journaliststudio.google.com/pinpoint-extract/preview?collection=db477e65b9a17d34&job=fb839ccbe5807225&docid=d458a823daf175a6_db477e65b9a17d34&schid=8001&row=17&page=0
124 Flotto.pdf,07:19,2022036328,T-Traffic Stop,124 Flotto Ave.,ន,236,https://journaliststudio.google.com/pinpoint-extract/preview?collection=db477e65b9a17d34&job=fb839ccbe5807225&docid=d458a823daf175a6_db477e65b9a17d34&schid=8001&row=18&page=0
124 Flotto.pdf,07:24,2022036329,T-Traffic Stop,124 Flotto Ave.,ន,236,https://journaliststudio.google.com/pinpoint-extract/preview?collection=db477e65b9a17d34&job=fb839ccbe5807225&docid=d458a823daf175a6_db477e65b9a17d34&schid=8001&row=19&page=0
124 Flotto.pdf,07:24,2022036330,T-Traffic Stop,124 Flotto Ave.,ន,236,https://journaliststudio.google.com/pinpoint-extract/preview?collection=db477e65b9a17d34&job=fb839ccbe5807225&docid=d458a823daf175a6_db477e65b9a17d34&schid=8001&row=20&page=0
124 Flotto.pdf,07:39,2022036332,T-Traffic Stop,124 Flotto Ave.,ន,236,https://journaliststudio.google.com/pinpoint-extract/preview?collection=db477e65b9a17d34&job=fb839ccbe5807225&docid=d458a823daf175a6_db477e65b9a17d34&schid=8001&row=21&page=0
124 Flotto.pdf,07:44,2022036334,T-Traffic Stop,124 Flotto Ave.,ន,236,https://journaliststudio.google.com/pinpoint-extract/preview?collection=db477e65b9a17d34&job=fb839ccbe5807225&docid=d458a823daf175a6_db477e65b9a17d34&schid=8001&row=22&page=0
124 Flotto.pdf,07:46,2022036335,T-Traffic Stop,124 Flotto Ave.,ន,236,https://journaliststudio.google.com/pinpoint-extract/preview?collection=db477e65b9a17d34&job=fb839ccbe5807225&docid=d458a823daf175a6_db477e65b9a17d34&schid=8001&row=23&page=0
124 Flotto.pdf,07:53,2022036337,T-Traffic Stop,124 Flotto Ave.,ន,236,https://journaliststudio.google.com/pinpoint-extract/preview?collection=db477e65b9a17d34&job=fb839ccbe5807225&docid=d458a823daf175a6_db477e65b9a17d34&schid=8001&row=24&page=0
124 Flotto.pdf,20:16,2022036808,S17-Attempt To Conta,124 Flotto Ave.,ន,236,https://journaliststudio.google.com/pinpoint-extract/preview?collection=db477e65b9a17d34&job=fb839ccbe5807225&docid=d458a823daf175a6_db477e65b9a17d34&schid=8001&row=25&page=0
124 Flotto.pdf,07:33,2022036914,STER-Traffic Enforce,124 Flotto Ave.,ន,236,https://journaliststudio.google.com/pinpoint-extract/preview?collection=db477e65b9a17d34&job=fb839ccbe5807225&docid=d458a823daf175a6_db477e65b9a17d34&schid=8001&row=26&page=0
124 Flotto.pdf,07:33,2022036915,FP-Foot Patrol,124 Flotto Ave.,ន,,https://journaliststudio.google.com/pinpoint-extract/preview?collection=db477e65b9a17d34&job=fb839ccbe5807225&docid=d458a823daf175a6_db477e65b9a17d34&schid=8001&row=27&page=0
124 Flotto.pdf,07:41,2022036917,T-Traffic Stop,124 Flotto Ave.,ន,236,https://journaliststudio.google.com/pinpoint-extract/preview?collection=db477e65b9a17d34&job=fb839ccbe5807225&docid=d458a823daf175a6_db477e65b9a17d34&schid=8001&row=28&page=0
124 Flotto.pdf,07:55,2022036920,T-Traffic Stop,124 Flotto Ave.,ន,236,https://journaliststudio.google.com/pinpoint-extract/preview?collection=db477e65b9a17d34&job=fb839ccbe5807225&docid=d458a823daf175a6_db477e65b9a17d34&schid=8001&row=29&page=0
124 Flotto.pdf,08:41,2022036927,1006-Busy,124 Flotto Ave.,ន,236,https://journaliststudio.google.com/pinpoint-extract/preview?collection=db477e65b9a17d34&job=fb839ccbe5807225&docid=d458a823daf175a6_db477e65b9a17d34&schid=8001&row=30&page=0
124 Flotto.pdf,08:58,2022037083,SSD-Safe School Dril,124 Flotto Ave.,ន,236,https://journaliststudio.google.com/pinpoint-extract/preview?collection=db477e65b9a17d34&job=fb839ccbe5807225&docid=d458a823daf175a6_db477e65b9a17d34&schid=8001&row=31&page=0
304 Druid Hills.pdf,09:18,2022036355,1006-Busy,304 Druid Hills Rd.,Z2,223,https://journaliststudio.google.com/pinpoint-extract/preview?collection=db477e65b9a17d34&job=fb839ccbe5807225&docid=6b4721f81e003c82_db477e65b9a17d34&schid=8001&row=0&page=0
304 Druid Hills.pdf,09:41,2022036936,SSD-Safe School Dril,304 Druid Hills Rd.,Z2,223,https://journaliststudio.google.com/pinpoint-extract/preview?collection=db477e65b9a17d34&job=fb839ccbe5807225&docid=6b4721f81e003c82_db477e65b9a17d34&schid=8001&row=1&page=0
304 Druid Hills.pdf,16:13,2022037480,RA-Risk Assessment,304 Druid Hills Rd.,Z2,223,https://journaliststudio.google.com/pinpoint-extract/preview?collection=db477e65b9a17d34&job=fb839ccbe5807225&docid=6b4721f81e003c82_db477e65b9a17d34&schid=8001&row=2&page=0
304 Druid Hills.pdf,11:28,2022038191,1006-Busy,304 Druid Hills Rd.,,223,https://journaliststudio.google.com/pinpoint-extract/preview?collection=db477e65b9a17d34&job=fb839ccbe5807225&docid=6b4721f81e003c82_db477e65b9a17d34&schid=8001&row=3&page=0
304 Druid Hills.pdf,08:09,2022038355,AOA-F-Assist Other A,304 Druid Hills Rd.,,223,https://journaliststudio.google.com/pinpoint-extract/preview?collection=db477e65b9a17d34&job=fb839ccbe5807225&docid=6b4721f81e003c82_db477e65b9a17d34&schid=8001&row=4&page=0
304 Druid Hills.pdf,19:41,2022038578,DP-Directed Patrol,304 Druid Hills Rd.,,,https://journaliststudio.google.com/pinpoint-extract/preview?collection=db477e65b9a17d34&job=fb839ccbe5807225&docid=6b4721f81e003c82_db477e65b9a17d34&schid=8001&row=5&page=0
304 Druid Hills.pdf,08:12,2022039305,RA-Risk Assessment,304 Druid Hills Rd.,,223,https://journaliststudio.google.com/pinpoint-extract/preview?collection=db477e65b9a17d34&job=fb839ccbe5807225&docid=6b4721f81e003c82_db477e65b9a17d34&schid=8001&row=6&page=0
304 Druid Hills.pdf,19:43,2022039529,DP-Directed Patrol,304 Druid Hills Rd.,,,https://journaliststudio.google.com/pinpoint-extract/preview?collection=db477e65b9a17d34&job=fb839ccbe5807225&docid=6b4721f81e003c82_db477e65b9a17d34&schid=8001&row=7&page=0
304 Druid Hills.pdf,12:40,2022040199,SSD-Safe School Dril,304 Druid Hills Rd.,Z2,223,https://journaliststudio.google.com/pinpoint-extract/preview?collection=db477e65b9a17d34&job=fb839ccbe5807225&docid=6b4721f81e003c82_db477e65b9a17d34&schid=8001&row=8&page=0
304 Druid Hills.pdf,02:07,2022042022,DP-Directed Patrol,304 Druid Hills Rd.,,,https://journaliststudio.google.com/pinpoint-extract/preview?collection=db477e65b9a17d34&job=fb839ccbe5807225&docid=6b4721f81e003c82_db477e65b9a17d34&schid=8001&row=9&page=0
304 Druid Hills.pdf,12:37,2022042149,S22L-Loud Noise/ Mus,304 Druid Hills Rd.,,223,https://journaliststudio.google.com/pinpoint-extract/preview?collection=db477e65b9a17d34&job=fb839ccbe5807225&docid=6b4721f81e003c82_db477e65b9a17d34&schid=8001&row=10&page=0
304 Druid Hills.pdf,10:21,2022042861,1006-Busy,304 Druid Hills Rd.,,,https://journaliststudio.google.com/pinpoint-extract/preview?collection=db477e65b9a17d34&job=fb839ccbe5807225&docid=6b4721f81e003c82_db477e65b9a17d34&schid=8001&row=11&page=0
304 Druid Hills.pdf,02:22,2022043258,DP-Directed Patrol,304 Druid Hills Rd.,,223,https://journaliststudio.google.com/pinpoint-extract/preview?collection=db477e65b9a17d34&job=fb839ccbe5807225&docid=6b4721f81e003c82_db477e65b9a17d34&schid=8001&row=12&page=0
304 Druid Hills.pdf,07:43,2022043280,RA-Risk Assessment,304 Druid Hills Rd.,,223,https://journaliststudio.google.com/pinpoint-extract/preview?collection=db477e65b9a17d34&job=fb839ccbe5807225&docid=6b4721f81e003c82_db477e65b9a17d34&schid=8001&row=13&page=0
304 Druid Hills.pdf,02:09,2022043719,DP-Directed Patrol,304 Druid Hills Rd.,Z2,,https://journaliststudio.google.com/pinpoint-extract/preview?collection=db477e65b9a17d34&job=fb839ccbe5807225&docid=6b4721f81e003c82_db477e65b9a17d34&schid=8001&row=14&page=0
304 Druid Hills.pdf,09:44,2022044214,SSD-Safe School Dril,304 Druid Hills Rd.,Z2,223,https://journaliststudio.google.com/pinpoint-extract/preview?collection=db477e65b9a17d34&job=fb839ccbe5807225&docid=6b4721f81e003c82_db477e65b9a17d34&schid=8001&row=15&page=0
304 Druid Hills.pdf,15:52,2022046083,RA-Risk Assessment,304 Druid Hills Rd.,,223,https://journaliststudio.google.com/pinpoint-extract/preview?collection=db477e65b9a17d34&job=fb839ccbe5807225&docid=6b4721f81e003c82_db477e65b9a17d34&schid=8001&row=16&page=0
304 Druid Hills.pdf,10:56,2022047813,SSD-Safe School Dril,304 Druid Hills Rd.,,223,https://journaliststudio.google.com/pinpoint-extract/preview?collection=db477e65b9a17d34&job=fb839ccbe5807225&docid=6b4721f81e003c82_db477e65b9a17d34&schid=8001&row=17&page=0
304 Druid Hills.pdf,12:43,2022048833,S68-Police Service C,304 Druid Hills Rd.,,223,https://journaliststudio.google.com/pinpoint-extract/preview?collection=db477e65b9a17d34&job=fb839ccbe5807225&docid=6b4721f81e003c82_db477e65b9a17d34&schid=8001&row=18&page=0
304 Druid Hills.pdf,15:47,2022050680,S68-Police Service C,304 Druid Hills Rd.,ន,223,https://journaliststudio.google.com/pinpoint-extract/preview?collection=db477e65b9a17d34&job=fb839ccbe5807225&docid=6b4721f81e003c82_db477e65b9a17d34&schid=8001&row=19&page=0
304 Druid Hills.pdf,14:04,2022051734,SSD-Safe School Dril,304 Druid Hills Rd.,ន,,https://journaliststudio.google.com/pinpoint-extract/preview?collection=db477e65b9a17d34&job=fb839ccbe5807225&docid=6b4721f81e003c82_db477e65b9a17d34&schid=8001&row=20&page=0
304 Druid Hills.pdf,16:07,2022051735,S68-Police Service C,304 Druid Hills Rd.,ន,223,https://journaliststudio.google.com/pinpoint-extract/preview?collection=db477e65b9a17d34&job=fb839ccbe5807225&docid=6b4721f81e003c82_db477e65b9a17d34&schid=8001&row=21&page=0
304 Druid Hills.pdf,16:40,2022051742,RA-Risk Assessment,304 Druid Hills Rd.,ន,223,https://journaliststudio.google.com/pinpoint-extract/preview?collection=db477e65b9a17d34&job=fb839ccbe5807225&docid=6b4721f81e003c82_db477e65b9a17d34&schid=8001&row=22&page=0
304 Druid Hills.pdf,13:53,2023003469,SSD-Safe School Dril,304 Druid Hills Rd.,ន,223,https://journaliststudio.google.com/pinpoint-extract/preview?collection=db477e65b9a17d34&job=fb839ccbe5807225&docid=6b4721f81e003c82_db477e65b9a17d34&schid=8001&row=23&page=0
304 Druid Hills.pdf,15:51,2023003477,RA-Risk Assessment,304 Druid Hills Rd.,ន,223,https://journaliststudio.google.com/pinpoint-extract/preview?collection=db477e65b9a17d34&job=fb839ccbe5807225&docid=6b4721f81e003c82_db477e65b9a17d34&schid=8001&row=24&page=0
304 Druid Hills.pdf,11:42,2023004106,S14-Information,304 Druid Hills Rd.,ន,,https://journaliststudio.google.com/pinpoint-extract/preview?collection=db477e65b9a17d34&job=fb839ccbe5807225&docid=6b4721f81e003c82_db477e65b9a17d34&schid=8001&row=25&page=0
304 Druid Hills.pdf,08:22,2023004724,S68-Police Service C,304 Druid Hills Rd.,ន,223,https://journaliststudio.google.com/pinpoint-extract/preview?collection=db477e65b9a17d34&job=fb839ccbe5807225&docid=6b4721f81e003c82_db477e65b9a17d34&schid=8001&row=26&page=0
304 Druid Hills.pdf,15:34,2023007446,RA-Risk Assessment,304 Druid Hills Rd.,ន,223,https://journaliststudio.google.com/pinpoint-extract/preview?collection=db477e65b9a17d34&job=fb839ccbe5807225&docid=6b4721f81e003c82_db477e65b9a17d34&schid=8001&row=27&page=0
304 Druid Hills.pdf,13:52,2023007711,SSD-Safe School Dril,304 Druid Hills Rd.,ន Z2,,https://journaliststudio.google.com/pinpoint-extract/preview?collection=db477e65b9a17d34&job=fb839ccbe5807225&docid=6b4721f81e003c82_db477e65b9a17d34&schid=8001&row=28&page=0
304 Druid Hills.pdf,14:30,2023008727,SSD-Safe School Dril,304 Druid Hills Rd.,ន Z2,,https://journaliststudio.google.com/pinpoint-extract/preview?collection=db477e65b9a17d34&job=fb839ccbe5807225&docid=6b4721f81e003c82_db477e65b9a17d34&schid=8001&row=29&page=0
304 Druid Hills.pdf,23:36,2023010690,AOA-Assist Other Age,304 Druid Hills Rd.,ន,223,https://journaliststudio.google.com/pinpoint-extract/preview?collection=db477e65b9a17d34&job=fb839ccbe5807225&docid=6b4721f81e003c82_db477e65b9a17d34&schid=8001&row=30&page=0
304 Druid Hills.pdf,09:13,2023011717,DIR P,304 Druid Hills Rd.,ន,223,https://journaliststudio.google.com/pinpoint-extract/preview?collection=db477e65b9a17d34&job=fb839ccbe5807225&docid=6b4721f81e003c82_db477e65b9a17d34&schid=8001&row=31&page=0
304 Druid Hills.pdf,13:54,2023013090,DIR P,304 Druid Hills Rd.,ន Z2,223,https://journaliststudio.google.com/pinpoint-extract/preview?collection=db477e65b9a17d34&job=fb839ccbe5807225&docid=6b4721f81e003c82_db477e65b9a17d34&schid=8001&row=32&page=0
405 S Riverhills.pdf,11:03,2022034836,S68-Police Service C,405 S Riverhills Dr.,Z3,,https://journaliststudio.google.com/pinpoint-extract/preview?collection=db477e65b9a17d34&job=fb839ccbe5807225&docid=8976419aa884fb06_db477e65b9a17d34&schid=8001&row=0&page=0
405 S Riverhills.pdf,20:35,2022034921,DP-Directed Patrol,405 S Riverhills Dr.,Z3,,https://journaliststudio.google.com/pinpoint-extract/preview?collection=db477e65b9a17d34&job=fb839ccbe5807225&docid=8976419aa884fb06_db477e65b9a17d34&schid=8001&row=1&page=0
405 S Riverhills.pdf,08:08,2022035161,XG-School Crossing,405 S Riverhills Dr.,Z3,312,https://journaliststudio.google.com/pinpoint-extract/preview?collection=db477e65b9a17d34&job=fb839ccbe5807225&docid=8976419aa884fb06_db477e65b9a17d34&schid=8001&row=2&page=0
405 S Riverhills.pdf,09:01,2022035178,PWT-Park Walk Talk,405 S Riverhills Dr.,Z3,312,https://journaliststudio.google.com/pinpoint-extract/preview?collection=db477e65b9a17d34&job=fb839ccbe5807225&docid=8976419aa884fb06_db477e65b9a17d34&schid=8001&row=3&page=0
405 S Riverhills.pdf,11:09,2022035203,DP-Directed Patrol,405 S Riverhills Dr.,Z3,,https://journaliststudio.google.com/pinpoint-extract/preview?collection=db477e65b9a17d34&job=fb839ccbe5807225&docid=8976419aa884fb06_db477e65b9a17d34&schid=8001&row=4&page=0
405 S Riverhills.pdf,14:38,2022035244,XG-School Crossing,405 S Riverhills Dr.,Z3,312,https://journaliststudio.google.com/pinpoint-extract/preview?collection=db477e65b9a17d34&job=fb839ccbe5807225&docid=8976419aa884fb06_db477e65b9a17d34&schid=8001&row=5&page=0
405 S Riverhills.pdf,08:09,2022035352,STER-Traffic Enforce,405 S Riverhills Dr.,Z3,312,https://journaliststudio.google.com/pinpoint-extract/preview?collection=db477e65b9a17d34&job=fb839ccbe5807225&docid=8976419aa884fb06_db477e65b9a17d34&schid=8001&row=6&page=0
405 S Riverhills.pdf,14:41,2022035413,1006-Busy,405 S Riverhills Dr.,Z3,312,https://journaliststudio.google.com/pinpoint-extract/preview?collection=db477e65b9a17d34&job=fb839ccbe5807225&docid=8976419aa884fb06_db477e65b9a17d34&schid=8001&row=7&page=0
405 S Riverhills.pdf,08:09,2022035547,STER-Traffic Enforce,405 S Riverhills Dr.,Z3,312,https://journaliststudio.google.com/pinpoint-extract/preview?collection=db477e65b9a17d34&job=fb839ccbe5807225&docid=8976419aa884fb06_db477e65b9a17d34&schid=8001&row=8&page=0
405 S Riverhills.pdf,08:57,2022035557,SSD-Safe School Dril,405 S Riverhills Dr.,Z3,312,https://journaliststudio.google.com/pinpoint-extract/preview?collection=db477e65b9a17d34&job=fb839ccbe5807225&docid=8976419aa884fb06_db477e65b9a17d34&schid=8001&row=9&page=0
405 S Riverhills.pdf,14:12,2022035597,STER-Traffic Enforce,405 S Riverhills Dr.,Z3,312,https://journaliststudio.google.com/pinpoint-extract/preview?collection=db477e65b9a17d34&job=fb839ccbe5807225&docid=8976419aa884fb06_db477e65b9a17d34&schid=8001&row=10&page=0
405 S Riverhills.pdf,07:53,2022036056,STER-Traffic Enforce,405 S Riverhills Dr.,Z3,312,https://journaliststudio.google.com/pinpoint-extract/preview?collection=db477e65b9a17d34&job=fb839ccbe5807225&docid=8976419aa884fb06_db477e65b9a17d34&schid=8001&row=11&page=0
405 S Riverhills.pdf,08:17,2022036198,1006-Busy,405 S Riverhills Dr.,Z3,312,https://journaliststudio.google.com/pinpoint-extract/preview?collection=db477e65b9a17d34&job=fb839ccbe5807225&docid=8976419aa884fb06_db477e65b9a17d34&schid=8001&row=12&page=0
405 S Riverhills.pdf,08:19,2022036199,STER-Traffic Enforce,405 S Riverhills Dr.,Z3,312,https://journaliststudio.google.com/pinpoint-extract/preview?collection=db477e65b9a17d34&job=fb839ccbe5807225&docid=8976419aa884fb06_db477e65b9a17d34&schid=8001&row=13&page=0
405 S Riverhills.pdf,08:07,2022036340,STER-Traffic Enforce,405 S Riverhills Dr.,Z3,312,https://journaliststudio.google.com/pinpoint-extract/preview?collection=db477e65b9a17d34&job=fb839ccbe5807225&docid=8976419aa884fb06_db477e65b9a17d34&schid=8001&row=14&page=0
405 S Riverhills.pdf,15:00,2022036410,STER-Traffic Enforce,405 S Riverhills Dr.,Z3,312,https://journaliststudio.google.com/pinpoint-extract/preview?collection=db477e65b9a17d34&job=fb839ccbe5807225&docid=8976419aa884fb06_db477e65b9a17d34&schid=8001&row=15&page=0
405 S Riverhills.pdf,08:40,2022036926,T-Traffic Stop,405 S Riverhills Dr.,Z3,312,https://journaliststudio.google.com/pinpoint-extract/preview?collection=db477e65b9a17d34&job=fb839ccbe5807225&docid=8976419aa884fb06_db477e65b9a17d34&schid=8001&row=16&page=0
405 S Riverhills.pdf,15:00,2022037141,STER-Traffic Enforce,405 S Riverhills Dr.,Z3,312,https://journaliststudio.google.com/pinpoint-extract/preview?collection=db477e65b9a17d34&job=fb839ccbe5807225&docid=8976419aa884fb06_db477e65b9a17d34&schid=8001&row=17&page=0
405 S Riverhills.pdf,07:50,2022037246,STER-Traffic Enforce,405 S Riverhills Dr.,ន Z3,312,https://journaliststudio.google.com/pinpoint-extract/preview?collection=db477e65b9a17d34&job=fb839ccbe5807225&docid=8976419aa884fb06_db477e65b9a17d34&schid=8001&row=18&page=0
405 S Riverhills.pdf,08:37,2022037253,STER-Traffic Enforce,405 S Riverhills Dr.,ន,312,https://journaliststudio.google.com/pinpoint-extract/preview?collection=db477e65b9a17d34&job=fb839ccbe5807225&docid=8976419aa884fb06_db477e65b9a17d34&schid=8001&row=19&page=0
405 S Riverhills.pdf,09:38,2022037260,RA-Risk Assessment,405 S Riverhills Dr.,ន,312,https://journaliststudio.google.com/pinpoint-extract/preview?collection=db477e65b9a17d34&job=fb839ccbe5807225&docid=8976419aa884fb06_db477e65b9a17d34&schid=8001&row=20&page=0
405 S Riverhills.pdf,07:52,2022037404,STER-Traffic Enforce,405 S Riverhills Dr.,ន,312,https://journaliststudio.google.com/pinpoint-extract/preview?collection=db477e65b9a17d34&job=fb839ccbe5807225&docid=8976419aa884fb06_db477e65b9a17d34&schid=8001&row=21&page=0
405 S Riverhills.pdf,10:19,2022037428,1006-Busy,405 S Riverhills Dr.,ន,312,https://journaliststudio.google.com/pinpoint-extract/preview?collection=db477e65b9a17d34&job=fb839ccbe5807225&docid=8976419aa884fb06_db477e65b9a17d34&schid=8001&row=22&page=0
405 S Riverhills.pdf,08:29,2022037582,STER-Traffic Enforce,405 S Riverhills Dr.,ន Z3,312,https://journaliststudio.google.com/pinpoint-extract/preview?collection=db477e65b9a17d34&job=fb839ccbe5807225&docid=8976419aa884fb06_db477e65b9a17d34&schid=8001&row=23&page=0
405 S Riverhills.pdf,13:32,2022037622,SSD-Safe School Dril,405 S Riverhills Dr.,ន,312,https://journaliststudio.google.com/pinpoint-extract/preview?collection=db477e65b9a17d34&job=fb839ccbe5807225&docid=8976419aa884fb06_db477e65b9a17d34&schid=8001&row=24&page=0
405 S Riverhills.pdf,14:45,2022037629,STER-Traffic Enforce,405 S Riverhills Dr.,ន,312,https://journaliststudio.google.com/pinpoint-extract/preview?collection=db477e65b9a17d34&job=fb839ccbe5807225&docid=8976419aa884fb06_db477e65b9a17d34&schid=8001&row=25&page=0
405 S Riverhills.pdf,07:55,2022037951,STER-Traffic Enforce,405 S Riverhills Dr.,ន,312,https://journaliststudio.google.com/pinpoint-extract/preview?collection=db477e65b9a17d34&job=fb839ccbe5807225&docid=8976419aa884fb06_db477e65b9a17d34&schid=8001&row=26&page=0
405 S Riverhills.pdf,07:56,2022038152,STER-Traffic Enforce,405 S Riverhills Dr.,ន,312,https://journaliststudio.google.com/pinpoint-extract/preview?collection=db477e65b9a17d34&job=fb839ccbe5807225&docid=8976419aa884fb06_db477e65b9a17d34&schid=8001&row=27&page=0
405 S Riverhills.pdf,08:06,2022038511,STER-Traffic Enforce,405 S Riverhills Dr.,ន,312,https://journaliststudio.google.com/pinpoint-extract/preview?collection=db477e65b9a17d34&job=fb839ccbe5807225&docid=8976419aa884fb06_db477e65b9a17d34&schid=8001&row=28&page=0
405 S Riverhills.pdf,08:04,2022039181,S17-Attempt To Conta,405 S Riverhills Dr.,ន,312,https://journaliststudio.google.com/pinpoint-extract/preview?collection=db477e65b9a17d34&job=fb839ccbe5807225&docid=8976419aa884fb06_db477e65b9a17d34&schid=8001&row=29&page=0
405 S Riverhills.pdf,14:46,2022040039,STER-Traffic Enforce,405 S Riverhills Dr.,ន,312,https://journaliststudio.google.com/pinpoint-extract/preview?collection=db477e65b9a17d34&job=fb839ccbe5807225&docid=8976419aa884fb06_db477e65b9a17d34&schid=8001&row=30&page=0
405 S Riverhills.pdf,08:05,2022040431,STER-Traffic Enforce,405 S Riverhills Dr.,ន,312,https://journaliststudio.google.com/pinpoint-extract/preview?collection=db477e65b9a17d34&job=fb839ccbe5807225&docid=8976419aa884fb06_db477e65b9a17d34&schid=8001&row=31&page=0
405 S Riverhills.pdf,14:47,2022040507,STER-Traffic Enforce,405 S Riverhills Dr.,ន Z3,312,https://journaliststudio.google.com/pinpoint-extract/preview?collection=db477e65b9a17d34&job=fb839ccbe5807225&docid=8976419aa884fb06_db477e65b9a17d34&schid=8001&row=32&page=0
6700 Whiteway.pdf,12:54 10:50,2022034848 2022035199,1006-Busy S68-Police Service C,6700 Whiteway Dr. 6700 Whiteway Dr.,Z2 Z2,217,https://journaliststudio.google.com/pinpoint-extract/preview?collection=db477e65b9a17d34&job=fb839ccbe5807225&docid=c76a92a06a23c8d3_db477e65b9a17d34&schid=8001&row=0&page=0
6700 Whiteway.pdf,13:41,2022035231,XG-School Crossing,6700 Whiteway Dr.,Z2,217,https://journaliststudio.google.com/pinpoint-extract/preview?collection=db477e65b9a17d34&job=fb839ccbe5807225&docid=c76a92a06a23c8d3_db477e65b9a17d34&schid=8001&row=1&page=0
6700 Whiteway.pdf,06:34,2022035340,XG-School Crossing,6700 Whiteway Dr.,Z2,,https://journaliststudio.google.com/pinpoint-extract/preview?collection=db477e65b9a17d34&job=fb839ccbe5807225&docid=c76a92a06a23c8d3_db477e65b9a17d34&schid=8001&row=2&page=0
6700 Whiteway.pdf,12:17,2022035394,1006-Busy,6700 Whiteway Dr.,,,https://journaliststudio.google.com/pinpoint-extract/preview?collection=db477e65b9a17d34&job=fb839ccbe5807225&docid=c76a92a06a23c8d3_db477e65b9a17d34&schid=8001&row=3&page=0
6700 Whiteway.pdf,13:37,2022035402,XG-School Crossing,6700 Whiteway Dr.,Z2,217,https://journaliststudio.google.com/pinpoint-extract/preview?collection=db477e65b9a17d34&job=fb839ccbe5807225&docid=c76a92a06a23c8d3_db477e65b9a17d34&schid=8001&row=4&page=0
6700 Whiteway.pdf,06:49,2022035533,STER-Traffic Enforce,6700 Whiteway Dr.,Z2,217,https://journaliststudio.google.com/pinpoint-extract/preview?collection=db477e65b9a17d34&job=fb839ccbe5807225&docid=c76a92a06a23c8d3_db477e65b9a17d34&schid=8001&row=5&page=0
6700 Whiteway.pdf,13:25,2022035587,XG-School Crossing,6700 Whiteway Dr.,Z2,,https://journaliststudio.google.com/pinpoint-extract/preview?collection=db477e65b9a17d34&job=fb839ccbe5807225&docid=c76a92a06a23c8d3_db477e65b9a17d34&schid=8001&row=6&page=0
6700 Whiteway.pdf,22:28,2022035892,CP-Crime Prevention,6700 Whiteway Dr.,Z2,,https://journaliststudio.google.com/pinpoint-extract/preview?collection=db477e65b9a17d34&job=fb839ccbe5807225&docid=c76a92a06a23c8d3_db477e65b9a17d34&schid=8001&row=7&page=0
6700 Whiteway.pdf,06:44,2022035917,XG-School Crossing,6700 Whiteway Dr.,Z2,217,https://journaliststudio.google.com/pinpoint-extract/preview?collection=db477e65b9a17d34&job=fb839ccbe5807225&docid=c76a92a06a23c8d3_db477e65b9a17d34&schid=8001&row=8&page=0
6700 Whiteway.pdf,06:52,2022036046,STER-Traffic Enforce,6700 Whiteway Dr.,Z2,217,https://journaliststudio.google.com/pinpoint-extract/preview?collection=db477e65b9a17d34&job=fb839ccbe5807225&docid=c76a92a06a23c8d3_db477e65b9a17d34&schid=8001&row=9&page=0
6700 Whiteway.pdf,06:26,2022036172,XG-School Crossing,6700 Whiteway Dr.,Z2,217,https://journaliststudio.google.com/pinpoint-extract/preview?collection=db477e65b9a17d34&job=fb839ccbe5807225&docid=c76a92a06a23c8d3_db477e65b9a17d34&schid=8001&row=10&page=0
6700 Whiteway.pdf,07:46,2022036190,STER-Traffic Enforce,6700 Whiteway Dr.,Z2,217,https://journaliststudio.google.com/pinpoint-extract/preview?collection=db477e65b9a17d34&job=fb839ccbe5807225&docid=c76a92a06a23c8d3_db477e65b9a17d34&schid=8001&row=11&page=0
6700 Whiteway.pdf,13:33,2022036237,STER-Traffic Enforce,6700 Whiteway Dr.,Z2,217,https://journaliststudio.google.com/pinpoint-extract/preview?collection=db477e65b9a17d34&job=fb839ccbe5807225&docid=c76a92a06a23c8d3_db477e65b9a17d34&schid=8001&row=12&page=0
6700 Whiteway.pdf,06:30,2022036316,XG-School Crossing,6700 Whiteway Dr.,Z2,217,https://journaliststudio.google.com/pinpoint-extract/preview?collection=db477e65b9a17d34&job=fb839ccbe5807225&docid=c76a92a06a23c8d3_db477e65b9a17d34&schid=8001&row=13&page=0
6700 Whiteway.pdf,06:41,2022036318,XG-School Crossing,6700 Whiteway Dr.,Z2,,https://journaliststudio.google.com/pinpoint-extract/preview?collection=db477e65b9a17d34&job=fb839ccbe5807225&docid=c76a92a06a23c8d3_db477e65b9a17d34&schid=8001&row=14&page=0
6700 Whiteway.pdf,08:10,2022036342,1006-Busy,6700 Whiteway Dr.,Z2,217,https://journaliststudio.google.com/pinpoint-extract/preview?collection=db477e65b9a17d34&job=fb839ccbe5807225&docid=c76a92a06a23c8d3_db477e65b9a17d34&schid=8001&row=15&page=0
6700 Whiteway.pdf,13:39,2022036395,XG-School Crossing,6700 Whiteway Dr.,ន Z2,,https://journaliststudio.google.com/pinpoint-extract/preview?collection=db477e65b9a17d34&job=fb839ccbe5807225&docid=c76a92a06a23c8d3_db477e65b9a17d34&schid=8001&row=16&page=0
6700 Whiteway.pdf,06:39,2022036478,STER-Traffic Enforce,6700 Whiteway Dr.,ន,217,https://journaliststudio.google.com/pinpoint-extract/preview?collection=db477e65b9a17d34&job=fb839ccbe5807225&docid=c76a92a06a23c8d3_db477e65b9a17d34&schid=8001&row=17&page=0
6700 Whiteway.pdf,13:41,2022037129,XG-School Crossing,6700 Whiteway Dr.,ន,217,https://journaliststudio.google.com/pinpoint-extract/preview?collection=db477e65b9a17d34&job=fb839ccbe5807225&docid=c76a92a06a23c8d3_db477e65b9a17d34&schid=8001&row=18&page=0
6700 Whiteway.pdf,06:43,2022037238,XG-School Crossing,6700 Whiteway Dr.,ន,217,https://journaliststudio.google.com/pinpoint-extract/preview?collection=db477e65b9a17d34&job=fb839ccbe5807225&docid=c76a92a06a23c8d3_db477e65b9a17d34&schid=8001&row=19&page=0
6700 Whiteway.pdf,12:03,2022037280,FP-Foot Patrol,6700 Whiteway Dr.,ន Z2,217,https://journaliststudio.google.com/pinpoint-extract/preview?collection=db477e65b9a17d34&job=fb839ccbe5807225&docid=c76a92a06a23c8d3_db477e65b9a17d34&schid=8001&row=20&page=0
6700 Whiteway.pdf,13:45,2022037291,STER-Traffic Enforce,6700 Whiteway Dr.,ន Z2,217,https://journaliststudio.google.com/pinpoint-extract/preview?collection=db477e65b9a17d34&job=fb839ccbe5807225&docid=c76a92a06a23c8d3_db477e65b9a17d34&schid=8001&row=21&page=0
6700 Whiteway.pdf,07:48,2022037403,SSD-Safe School Dril,6700 Whiteway Dr.,ន,217,https://journaliststudio.google.com/pinpoint-extract/preview?collection=db477e65b9a17d34&job=fb839ccbe5807225&docid=c76a92a06a23c8d3_db477e65b9a17d34&schid=8001&row=22&page=0
6700 Whiteway.pdf,08:54,2022037587,1006-Busy,6700 Whiteway Dr.,ន,217,https://journaliststudio.google.com/pinpoint-extract/preview?collection=db477e65b9a17d34&job=fb839ccbe5807225&docid=c76a92a06a23c8d3_db477e65b9a17d34&schid=8001&row=23&page=0
6700 Whiteway.pdf,09:40,2022037593,1006-Busy,6700 Whiteway Dr.,ន,217,https://journaliststudio.google.com/pinpoint-extract/preview?collection=db477e65b9a17d34&job=fb839ccbe5807225&docid=c76a92a06a23c8d3_db477e65b9a17d34&schid=8001&row=24&page=0
6700 Whiteway.pdf,09:42,2022037594,DP-Directed Patrol,6700 Whiteway Dr.,ន,217,https://journaliststudio.google.com/pinpoint-extract/preview?collection=db477e65b9a17d34&job=fb839ccbe5807225&docid=c76a92a06a23c8d3_db477e65b9a17d34&schid=8001&row=25&page=0
6700 Whiteway.pdf,22:23,2022037814,DP-Directed Patrol,6700 Whiteway Dr.,ន Z2,,https://journaliststudio.google.com/pinpoint-extract/preview?collection=db477e65b9a17d34&job=fb839ccbe5807225&docid=c76a92a06a23c8d3_db477e65b9a17d34&schid=8001&row=26&page=0
6700 Whiteway.pdf,06:56,2022037939,STER-Traffic Enforce,6700 Whiteway Dr.,ន Z2,217,https://journaliststudio.google.com/pinpoint-extract/preview?collection=db477e65b9a17d34&job=fb839ccbe5807225&docid=c76a92a06a23c8d3_db477e65b9a17d34&schid=8001&row=27&page=0
6700 Whiteway.pdf,08:39,2022037962,FP-Foot Patrol,6700 Whiteway Dr.,ន Z2,217,https://journaliststudio.google.com/pinpoint-extract/preview?collection=db477e65b9a17d34&job=fb839ccbe5807225&docid=c76a92a06a23c8d3_db477e65b9a17d34&schid=8001&row=28&page=0
6700 Whiteway.pdf,08:39,2022037963,RA-Risk Assessment,6700 Whiteway Dr.,ន Z2,217,https://journaliststudio.google.com/pinpoint-extract/preview?collection=db477e65b9a17d34&job=fb839ccbe5807225&docid=c76a92a06a23c8d3_db477e65b9a17d34&schid=8001&row=29&page=0
6700 Whiteway.pdf,10:55,2022038178,S68-Police Service C,6700 Whiteway Dr.,ន Z2,217,https://journaliststudio.google.com/pinpoint-extract/preview?collection=db477e65b9a17d34&job=fb839ccbe5807225&docid=c76a92a06a23c8d3_db477e65b9a17d34&schid=8001&row=30&page=0
6700 Whiteway.pdf,10:03,2022038368,S68-Police Service C,6700 Whiteway Dr.,ន Z2,,https://journaliststudio.google.com/pinpoint-extract/preview?collection=db477e65b9a17d34&job=fb839ccbe5807225&docid=c76a92a06a23c8d3_db477e65b9a17d34&schid=8001&row=31&page=0
6700 Whiteway.pdf,09:27 06:58,2022038524 2022039049,S68-Police Service C STER-Traffic Enforce,6700 Whiteway Dr. 6700 Whiteway Dr.,Z2 Z2,217 217,https://journaliststudio.google.com/pinpoint-extract/preview?collection=db477e65b9a17d34&job=fb839ccbe5807225&docid=c76a92a06a23c8d3_db477e65b9a17d34&schid=8001&row=32&page=1
6700 Whiteway.pdf,07:07,2022039172,S68-Police Service C,6700 Whiteway Dr.,Z2,217,https://journaliststudio.google.com/pinpoint-extract/preview?collection=db477e65b9a17d34&job=fb839ccbe5807225&docid=c76a92a06a23c8d3_db477e65b9a17d34&schid=8001&row=33&page=1
6700 Whiteway.pdf,14:05,2022039473,S041-Traffic Crash W,6700 Whiteway Dr.,Z2,217,https://journaliststudio.google.com/pinpoint-extract/preview?collection=db477e65b9a17d34&job=fb839ccbe5807225&docid=c76a92a06a23c8d3_db477e65b9a17d34&schid=8001&row=34&page=1
6700 Whiteway.pdf,06:48,2022039813,STER-Traffic Enforce,6700 Whiteway Dr.,Z2,217,https://journaliststudio.google.com/pinpoint-extract/preview?collection=db477e65b9a17d34&job=fb839ccbe5807225&docid=c76a92a06a23c8d3_db477e65b9a17d34&schid=8001&row=35&page=1
6700 Whiteway.pdf,08:30,2022040825,SSD-Safe School Dril,6700 Whiteway Dr.,,217,https://journaliststudio.google.com/pinpoint-extract/preview?collection=db477e65b9a17d34&job=fb839ccbe5807225&docid=c76a92a06a23c8d3_db477e65b9a17d34&schid=8001&row=36&page=1
6700 Whiteway.pdf,12:43,2022041135,RA-Risk Assessment,6700 Whiteway Dr.,,217,https://journaliststudio.google.com/pinpoint-extract/preview?collection=db477e65b9a17d34&job=fb839ccbe5807225&docid=c76a92a06a23c8d3_db477e65b9a17d34&schid=8001&row=37&page=1
6700 Whiteway.pdf,13:57,2022041145,S22-Disturbance,6700 Whiteway Dr.,Z2,217,https://journaliststudio.google.com/pinpoint-extract/preview?collection=db477e65b9a17d34&job=fb839ccbe5807225&docid=c76a92a06a23c8d3_db477e65b9a17d34&schid=8001&row=38&page=1
6700 Whiteway.pdf,16:30,2022041310,S68-Police Service C,6700 Whiteway Dr.,Z2,217,https://journaliststudio.google.com/pinpoint-extract/preview?collection=db477e65b9a17d34&job=fb839ccbe5807225&docid=c76a92a06a23c8d3_db477e65b9a17d34&schid=8001&row=39&page=1
6700 Whiteway.pdf,08:52,2022041378,S68-Police Service C,6700 Whiteway Dr.,Z2,217,https://journaliststudio.google.com/pinpoint-extract/preview?collection=db477e65b9a17d34&job=fb839ccbe5807225&docid=c76a92a06a23c8d3_db477e65b9a17d34&schid=8001&row=40&page=1
6700 Whiteway.pdf,09:43,2022041492,DP-Directed Patrol,6700 Whiteway Dr.,Z2,,https://journaliststudio.google.com/pinpoint-extract/preview?collection=db477e65b9a17d34&job=fb839ccbe5807225&docid=c76a92a06a23c8d3_db477e65b9a17d34&schid=8001&row=41&page=1
6700 Whiteway.pdf,08:48,2022042848,RA-Risk Assessment,6700 Whiteway Dr.,Z2,,https://journaliststudio.google.com/pinpoint-extract/preview?collection=db477e65b9a17d34&job=fb839ccbe5807225&docid=c76a92a06a23c8d3_db477e65b9a17d34&schid=8001&row=42&page=1
6700 Whiteway.pdf,22:37,2022043060,DP-Directed Patrol,6700 Whiteway Dr.,Z2,,https://journaliststudio.google.com/pinpoint-extract/preview?collection=db477e65b9a17d34&job=fb839ccbe5807225&docid=c76a92a06a23c8d3_db477e65b9a17d34&schid=8001&row=43&page=1
6700 Whiteway.pdf,06:43,2022043441,STER-Traffic Enforce,6700 Whiteway Dr.,,217,https://journaliststudio.google.com/pinpoint-extract/preview?collection=db477e65b9a17d34&job=fb839ccbe5807225&docid=c76a92a06a23c8d3_db477e65b9a17d34&schid=8001&row=44&page=1
6700 Whiteway.pdf,10:41,2022043604,PWT-Park Walk Talk,6700 Whiteway Dr.,Z2,,https://journaliststudio.google.com/pinpoint-extract/preview?collection=db477e65b9a17d34&job=fb839ccbe5807225&docid=c76a92a06a23c8d3_db477e65b9a17d34&schid=8001&row=45&page=1
6700 Whiteway.pdf,20:44,2022043671,DP-Directed Patrol,6700 Whiteway Dr.,Z2,,https://journaliststudio.google.com/pinpoint-extract/preview?collection=db477e65b9a17d34&job=fb839ccbe5807225&docid=c76a92a06a23c8d3_db477e65b9a17d34&schid=8001&row=46&page=1
6700 Whiteway.pdf,06:45,2022043825,STER-Traffic Enforce,6700 Whiteway Dr.,Z2,217,https://journaliststudio.google.com/pinpoint-extract/preview?collection=db477e65b9a17d34&job=fb839ccbe5807225&docid=c76a92a06a23c8d3_db477e65b9a17d34&schid=8001&row=47&page=1
6700 Whiteway.pdf,06:45,2022044183,STER-Traffic Enforce,6700 Whiteway Dr.,Z2,217,https://journaliststudio.google.com/pinpoint-extract/preview?collection=db477e65b9a17d34&job=fb839ccbe5807225&docid=c76a92a06a23c8d3_db477e65b9a17d34&schid=8001&row=48&page=1
6700 Whiteway.pdf,06:55,2022044335,STER-Traffic Enforce,6700 Whiteway Dr.,Z2,217,https://journaliststudio.google.com/pinpoint-extract/preview?collection=db477e65b9a17d34&job=fb839ccbe5807225&docid=c76a92a06a23c8d3_db477e65b9a17d34&schid=8001&row=49&page=1
6700 Whiteway.pdf,07:41,2022044977,STER-Traffic Enforce,6700 Whiteway Dr.,Z2,217,https://journaliststudio.google.com/pinpoint-extract/preview?collection=db477e65b9a17d34&job=fb839ccbe5807225&docid=c76a92a06a23c8d3_db477e65b9a17d34&schid=8001&row=50&page=1
6700 Whiteway.pdf,16:02,2022045196,RA-Risk Assessment,6700 Whiteway Dr.,Z2,,https://journaliststudio.google.com/pinpoint-extract/preview?collection=db477e65b9a17d34&job=fb839ccbe5807225&docid=c76a92a06a23c8d3_db477e65b9a17d34&schid=8001&row=51&page=1
6700 Whiteway.pdf,12:33,2022045912,1006-Busy,6700 Whiteway Dr.,Z2,,https://journaliststudio.google.com/pinpoint-extract/preview?collection=db477e65b9a17d34&job=fb839ccbe5807225&docid=c76a92a06a23c8d3_db477e65b9a17d34&schid=8001&row=52&page=1
6700 Whiteway.pdf,12:47,2022045915,SSD-Safe School Dril,6700 Whiteway Dr.,Z2,,https://journaliststudio.google.com/pinpoint-extract/preview?collection=db477e65b9a17d34&job=fb839ccbe5807225&docid=c76a92a06a23c8d3_db477e65b9a17d34&schid=8001&row=53&page=1
6700 Whiteway.pdf,06:44,2022046000,STER-Traffic Enforce,6700 Whiteway Dr.,Z2,217,https://journaliststudio.google.com/pinpoint-extract/preview?collection=db477e65b9a17d34&job=fb839ccbe5807225&docid=c76a92a06a23c8d3_db477e65b9a17d34&schid=8001&row=54&page=1
6700 Whiteway.pdf,06:53,2022046156,STER-Traffic Enforce,6700 Whiteway Dr.,ន Z2,217,https://journaliststudio.google.com/pinpoint-extract/preview?collection=db477e65b9a17d34&job=fb839ccbe5807225&docid=c76a92a06a23c8d3_db477e65b9a17d34&schid=8001&row=55&page=1
6700 Whiteway.pdf,08:15,2022046664,1006-Busy,6700 Whiteway Dr.,ន,,https://journaliststudio.google.com/pinpoint-extract/preview?collection=db477e65b9a17d34&job=fb839ccbe5807225&docid=c76a92a06a23c8d3_db477e65b9a17d34&schid=8001&row=56&page=1
6700 Whiteway.pdf,06:53,2022046982,STER-Traffic Enforce,6700 Whiteway Dr.,ន,217,https://journaliststudio.google.com/pinpoint-extract/preview?collection=db477e65b9a17d34&job=fb839ccbe5807225&docid=c76a92a06a23c8d3_db477e65b9a17d34&schid=8001&row=57&page=1
6700 Whiteway.pdf,12:38,2022047416,PWT-Park Walk Talk,6700 Whiteway Dr.,ន,217,https://journaliststudio.google.com/pinpoint-extract/preview?collection=db477e65b9a17d34&job=fb839ccbe5807225&docid=c76a92a06a23c8d3_db477e65b9a17d34&schid=8001&row=58&page=1
6700 Whiteway.pdf,13:54,2022047699,STER-Traffic Enforce,6700 Whiteway Dr.,ន,217,https://journaliststudio.google.com/pinpoint-extract/preview?collection=db477e65b9a17d34&job=fb839ccbe5807225&docid=c76a92a06a23c8d3_db477e65b9a17d34&schid=8001&row=59&page=1
6700 Whiteway.pdf,06:42,2022048776,STER-Traffic Enforce,6700 Whiteway Dr.,ន,217,https://journaliststudio.google.com/pinpoint-extract/preview?collection=db477e65b9a17d34&job=fb839ccbe5807225&docid=c76a92a06a23c8d3_db477e65b9a17d34&schid=8001&row=60&page=1
6700 Whiteway.pdf,15:20,2022048850,S14-Information,6700 Whiteway Dr.,ន,,https://journaliststudio.google.com/pinpoint-extract/preview?collection=db477e65b9a17d34&job=fb839ccbe5807225&docid=c76a92a06a23c8d3_db477e65b9a17d34&schid=8001&row=61&page=1
6700 Whiteway.pdf,08:51,2022049107,S68-Police Service C,6700 Whiteway Dr.,ន,217,https://journaliststudio.google.com/pinpoint-extract/preview?collection=db477e65b9a17d34&job=fb839ccbe5807225&docid=c76a92a06a23c8d3_db477e65b9a17d34&schid=8001&row=62&page=1
6700 Whiteway.pdf,07:42,2022049211,STER-Traffic Enforce,6700 Whiteway Dr.,ន,217,https://journaliststudio.google.com/pinpoint-extract/preview?collection=db477e65b9a17d34&job=fb839ccbe5807225&docid=c76a92a06a23c8d3_db477e65b9a17d34&schid=8001&row=63&page=1
6700 Whiteway.pdf,13:12,2022049459,DIR P,6700 Whiteway Dr.,ន,217,https://journaliststudio.google.com/pinpoint-extract/preview?collection=db477e65b9a17d34&job=fb839ccbe5807225&docid=c76a92a06a23c8d3_db477e65b9a17d34&schid=8001&row=64&page=1
6700 Whiteway.pdf,10:27,2022049986,T-Traffic Stop,6700 Whiteway Dr.,ន,217,https://journaliststudio.google.com/pinpoint-extract/preview?collection=db477e65b9a17d34&job=fb839ccbe5807225&docid=c76a92a06a23c8d3_db477e65b9a17d34&schid=8001&row=65&page=1
6700 Whiteway.pdf,11:18,2022050232,S13-Suspicious Vehic,6700 Whiteway Dr.,ន,217,https://journaliststudio.google.com/pinpoint-extract/preview?collection=db477e65b9a17d34&job=fb839ccbe5807225&docid=c76a92a06a23c8d3_db477e65b9a17d34&schid=8001&row=66&page=1
6700 Whiteway.pdf,08:15,2022051386,SSD-Safe School Dril,6700 Whiteway Dr.,ន,217,https://journaliststudio.google.com/pinpoint-extract/preview?collection=db477e65b9a17d34&job=fb839ccbe5807225&docid=c76a92a06a23c8d3_db477e65b9a17d34&schid=8001&row=67&page=1
6700 Whiteway.pdf,13:07,2022051426,RA-Risk Assessment,6700 Whiteway Dr.,ន Z2,217,https://journaliststudio.google.com/pinpoint-extract/preview?collection=db477e65b9a17d34&job=fb839ccbe5807225&docid=c76a92a06a23c8d3_db477e65b9a17d34&schid=8001&row=68&page=1
6700 Whiteway.pdf,10:30,2022052914,S68-Police Service C,6700 Whiteway Dr.,ន Z2,,https://journaliststudio.google.com/pinpoint-extract/preview?collection=db477e65b9a17d34&job=fb839ccbe5807225&docid=c76a92a06a23c8d3_db477e65b9a17d34&schid=8001&row=69&page=1
6700 Whiteway.pdf,11:52,2022054888,S17-Attempt To Conta,6700 Whiteway Dr.,ន Z2,217,https://journaliststudio.google.com/pinpoint-extract/preview?collection=db477e65b9a17d34&job=fb839ccbe5807225&docid=c76a92a06a23c8d3_db477e65b9a17d34&schid=8001&row=70&page=1
6700 Whiteway.pdf,00:13,2022055089,S13P-Suspicious Pers,6700 Whiteway Dr.,ន Z2,217,https://journaliststudio.google.com/pinpoint-extract/preview?collection=db477e65b9a17d34&job=fb839ccbe5807225&docid=c76a92a06a23c8d3_db477e65b9a17d34&schid=8001&row=71&page=1
6925 E Fowler.pdf,10:22,2022035192,FP-Foot Patrol,6925 E Fowler Ave.,Z1,207,https://journaliststudio.google.com/pinpoint-extract/preview?collection=db477e65b9a17d34&job=fb839ccbe5807225&docid=24bbacfec08386e6_db477e65b9a17d34&schid=8001&row=0&page=0
6925 E Fowler.pdf,15:31,2022035250,XG-School Crossing,6925 E Fowler Ave.,Z1,207,https://journaliststudio.google.com/pinpoint-extract/preview?collection=db477e65b9a17d34&job=fb839ccbe5807225&docid=24bbacfec08386e6_db477e65b9a17d34&schid=8001&row=1&page=0
6925 E Fowler.pdf,08:25,2022035356,DP-Directed Patrol,6925 E Fowler Ave.,Z1,207,https://journaliststudio.google.com/pinpoint-extract/preview?collection=db477e65b9a17d34&job=fb839ccbe5807225&docid=24bbacfec08386e6_db477e65b9a17d34&schid=8001&row=2&page=0
6925 E Fowler.pdf,08:29,2022035359,DP-Directed Patrol,6925 E Fowler Ave.,Z1,,https://journaliststudio.google.com/pinpoint-extract/preview?collection=db477e65b9a17d34&job=fb839ccbe5807225&docid=24bbacfec08386e6_db477e65b9a17d34&schid=8001&row=3&page=0
6925 E Fowler.pdf,08:52,2022035362,STER-Traffic Enforce,6925 E Fowler Ave.,Z1,207,https://journaliststudio.google.com/pinpoint-extract/preview?collection=db477e65b9a17d34&job=fb839ccbe5807225&docid=24bbacfec08386e6_db477e65b9a17d34&schid=8001&row=4&page=0
6925 E Fowler.pdf,11:06,2022035385,S08R-Runaway Juvenil,6925 E Fowler Ave.,Z1,207,https://journaliststudio.google.com/pinpoint-extract/preview?collection=db477e65b9a17d34&job=fb839ccbe5807225&docid=24bbacfec08386e6_db477e65b9a17d34&schid=8001&row=5&page=0
6925 E Fowler.pdf,16:25,2022035425,STER-Traffic Enforce,6925 E Fowler Ave.,Z1,207,https://journaliststudio.google.com/pinpoint-extract/preview?collection=db477e65b9a17d34&job=fb839ccbe5807225&docid=24bbacfec08386e6_db477e65b9a17d34&schid=8001&row=6&page=0
6925 E Fowler.pdf,08:47,2022035553,STER-Traffic Enforce,6925 E Fowler Ave.,Z1,207,https://journaliststudio.google.com/pinpoint-extract/preview?collection=db477e65b9a17d34&job=fb839ccbe5807225&docid=24bbacfec08386e6_db477e65b9a17d34&schid=8001&row=7&page=0
6925 E Fowler.pdf,09:31,2022035560,T-Traffic Stop,6925 E Fowler Ave.,Z1,207,https://journaliststudio.google.com/pinpoint-extract/preview?collection=db477e65b9a17d34&job=fb839ccbe5807225&docid=24bbacfec08386e6_db477e65b9a17d34&schid=8001&row=8&page=0
6925 E Fowler.pdf,10:23,2022035568,FP-Foot Patrol,6925 E Fowler Ave.,Z1,207,https://journaliststudio.google.com/pinpoint-extract/preview?collection=db477e65b9a17d34&job=fb839ccbe5807225&docid=24bbacfec08386e6_db477e65b9a17d34&schid=8001&row=9&page=0
6925 E Fowler.pdf,14:30,2022035601,DP-Directed Patrol,6925 E Fowler Ave.,Z1,207,https://journaliststudio.google.com/pinpoint-extract/preview?collection=db477e65b9a17d34&job=fb839ccbe5807225&docid=24bbacfec08386e6_db477e65b9a17d34&schid=8001&row=10&page=0
6925 E Fowler.pdf,15:46,2022035615,STER-Traffic Enforce,6925 E Fowler Ave.,Z1,207,https://journaliststudio.google.com/pinpoint-extract/preview?collection=db477e65b9a17d34&job=fb839ccbe5807225&docid=24bbacfec08386e6_db477e65b9a17d34&schid=8001&row=11&page=0
6925 E Fowler.pdf,15:51,2022035616,DP-Directed Patrol,6925 E Fowler Ave.,Z1,207,https://journaliststudio.google.com/pinpoint-extract/preview?collection=db477e65b9a17d34&job=fb839ccbe5807225&docid=24bbacfec08386e6_db477e65b9a17d34&schid=8001&row=12&page=0
6925 E Fowler.pdf,11:28,2022036079,FP-Foot Patrol,6925 E Fowler Ave.,Z1,207,https://journaliststudio.google.com/pinpoint-extract/preview?collection=db477e65b9a17d34&job=fb839ccbe5807225&docid=24bbacfec08386e6_db477e65b9a17d34&schid=8001&row=13&page=0
6925 E Fowler.pdf,08:59,2022036206,STER-Traffic Enforce,6925 E Fowler Ave.,Z1,207,https://journaliststudio.google.com/pinpoint-extract/preview?collection=db477e65b9a17d34&job=fb839ccbe5807225&docid=24bbacfec08386e6_db477e65b9a17d34&schid=8001&row=14&page=0
6925 E Fowler.pdf,09:48,2022036211,FP-Foot Patrol,6925 E Fowler Ave.,Z1,207,https://journaliststudio.google.com/pinpoint-extract/preview?collection=db477e65b9a17d34&job=fb839ccbe5807225&docid=24bbacfec08386e6_db477e65b9a17d34&schid=8001&row=15&page=0
6925 E Fowler.pdf,10:01,2022036214,SSD-Safe School Dril,6925 E Fowler Ave.,Z1,207,https://journaliststudio.google.com/pinpoint-extract/preview?collection=db477e65b9a17d34&job=fb839ccbe5807225&docid=24bbacfec08386e6_db477e65b9a17d34&schid=8001&row=16&page=0
6925 E Fowler.pdf,09:01,2022036350,STER-Traffic Enforce,6925 E Fowler Ave.,Z1,207,https://journaliststudio.google.com/pinpoint-extract/preview?collection=db477e65b9a17d34&job=fb839ccbe5807225&docid=24bbacfec08386e6_db477e65b9a17d34&schid=8001&row=17&page=0
6925 E Fowler.pdf,09:11,2022036352,T-Traffic Stop,6925 E Fowler Ave.,Z1,207,https://journaliststudio.google.com/pinpoint-extract/preview?collection=db477e65b9a17d34&job=fb839ccbe5807225&docid=24bbacfec08386e6_db477e65b9a17d34&schid=8001&row=18&page=0
6925 E Fowler.pdf,09:18,2022036354,T-Traffic Stop,6925 E Fowler Ave.,Z1,207,https://journaliststudio.google.com/pinpoint-extract/preview?collection=db477e65b9a17d34&job=fb839ccbe5807225&docid=24bbacfec08386e6_db477e65b9a17d34&schid=8001&row=19&page=0
6925 E Fowler.pdf,09:24,2022036357,T-Traffic Stop,6925 E Fowler Ave.,Z1,207,https://journaliststudio.google.com/pinpoint-extract/preview?collection=db477e65b9a17d34&job=fb839ccbe5807225&docid=24bbacfec08386e6_db477e65b9a17d34&schid=8001&row=20&page=0
6925 E Fowler.pdf,09:39,2022036359,T-Traffic Stop,6925 E Fowler Ave.,Z1,207,https://journaliststudio.google.com/pinpoint-extract/preview?collection=db477e65b9a17d34&job=fb839ccbe5807225&docid=24bbacfec08386e6_db477e65b9a17d34&schid=8001&row=21&page=0
6925 E Fowler.pdf,09:53,2022036361,T-Traffic Stop,6925 E Fowler Ave.,Z1,207,https://journaliststudio.google.com/pinpoint-extract/preview?collection=db477e65b9a17d34&job=fb839ccbe5807225&docid=24bbacfec08386e6_db477e65b9a17d34&schid=8001&row=22&page=0
6925 E Fowler.pdf,13:40,2022036396,1006-Busy,6925 E Fowler Ave.,Z1,207,https://journaliststudio.google.com/pinpoint-extract/preview?collection=db477e65b9a17d34&job=fb839ccbe5807225&docid=24bbacfec08386e6_db477e65b9a17d34&schid=8001&row=23&page=0
6925 E Fowler.pdf,16:26,2022036427,STER-Traffic Enforce,6925 E Fowler Ave.,Z1,207,https://journaliststudio.google.com/pinpoint-extract/preview?collection=db477e65b9a17d34&job=fb839ccbe5807225&docid=24bbacfec08386e6_db477e65b9a17d34&schid=8001&row=24&page=0
6925 E Fowler.pdf,11:11,2022036516,FP-Foot Patrol,6925 E Fowler Ave.,NNNNNNNNNNNNNNN,,https://journaliststudio.google.com/pinpoint-extract/preview?collection=db477e65b9a17d34&job=fb839ccbe5807225&docid=24bbacfec08386e6_db477e65b9a17d34&schid=8001&row=25&page=0
6925 E Fowler.pdf,15:29,2022036542,S14-Information,6925 E Fowler Ave.,,207,https://journaliststudio.google.com/pinpoint-extract/preview?collection=db477e65b9a17d34&job=fb839ccbe5807225&docid=24bbacfec08386e6_db477e65b9a17d34&schid=8001&row=26&page=0
6925 E Fowler.pdf,16:03,2022036549,RA-Risk Assessment,6925 E Fowler Ave.,,207,https://journaliststudio.google.com/pinpoint-extract/preview?collection=db477e65b9a17d34&job=fb839ccbe5807225&docid=24bbacfec08386e6_db477e65b9a17d34&schid=8001&row=27&page=0
6925 E Fowler.pdf,09:07,2022036929,STER-Traffic Enforce,6925 E Fowler Ave.,Z1,207,https://journaliststudio.google.com/pinpoint-extract/preview?collection=db477e65b9a17d34&job=fb839ccbe5807225&docid=24bbacfec08386e6_db477e65b9a17d34&schid=8001&row=28&page=0
6925 E Fowler.pdf,09:12,2022036930,T-Traffic Stop,6925 E Fowler Ave.,Z1,207,https://journaliststudio.google.com/pinpoint-extract/preview?collection=db477e65b9a17d34&job=fb839ccbe5807225&docid=24bbacfec08386e6_db477e65b9a17d34&schid=8001&row=29&page=0
6925 E Fowler.pdf,09:15,2022036931,T-Traffic Stop,6925 E Fowler Ave.,Z1,207,https://journaliststudio.google.com/pinpoint-extract/preview?collection=db477e65b9a17d34&job=fb839ccbe5807225&docid=24bbacfec08386e6_db477e65b9a17d34&schid=8001&row=30&page=0
6925 E Fowler.pdf,09:24,2022036933,T-Traffic Stop,6925 E Fowler Ave.,Z1,207,https://journaliststudio.google.com/pinpoint-extract/preview?collection=db477e65b9a17d34&job=fb839ccbe5807225&docid=24bbacfec08386e6_db477e65b9a17d34&schid=8001&row=31&page=0
6925 E Fowler.pdf,09:36,2022036934,1006-Busy,6925 E Fowler Ave.,Z1,,https://journaliststudio.google.com/pinpoint-extract/preview?collection=db477e65b9a17d34&job=fb839ccbe5807225&docid=24bbacfec08386e6_db477e65b9a17d34&schid=8001&row=32&page=0
6925 E Fowler.pdf,09:44,2022036939,T-Traffic Stop,6925 E Fowler Ave.,Z1,207,https://journaliststudio.google.com/pinpoint-extract/preview?collection=db477e65b9a17d34&job=fb839ccbe5807225&docid=24bbacfec08386e6_db477e65b9a17d34&schid=8001&row=33&page=1
6925 E Fowler.pdf,09:49,2022036941,T-Traffic Stop,6925 E Fowler Ave.,Z1,207,https://journaliststudio.google.com/pinpoint-extract/preview?collection=db477e65b9a17d34&job=fb839ccbe5807225&docid=24bbacfec08386e6_db477e65b9a17d34&schid=8001&row=34&page=1
6925 E Fowler.pdf,10:59,2022036951,1017-Conducting Inve,6925 E Fowler Ave.,Z1,207,https://journaliststudio.google.com/pinpoint-extract/preview?collection=db477e65b9a17d34&job=fb839ccbe5807225&docid=24bbacfec08386e6_db477e65b9a17d34&schid=8001&row=35&page=1
6925 E Fowler.pdf,15:02,2022036975,STER-Traffic Enforce,6925 E Fowler Ave.,Z1,207,https://journaliststudio.google.com/pinpoint-extract/preview?collection=db477e65b9a17d34&job=fb839ccbe5807225&docid=24bbacfec08386e6_db477e65b9a17d34&schid=8001&row=36&page=1
6925 E Fowler.pdf,16:14,2022037162,STER-Traffic Enforce,6925 E Fowler Ave.,Z1,207,https://journaliststudio.google.com/pinpoint-extract/preview?collection=db477e65b9a17d34&job=fb839ccbe5807225&docid=24bbacfec08386e6_db477e65b9a17d34&schid=8001&row=37&page=1
6925 E Fowler.pdf,11:36,2022037275,S68-Police Service C,6925 E Fowler Ave.,Z1,207,https://journaliststudio.google.com/pinpoint-extract/preview?collection=db477e65b9a17d34&job=fb839ccbe5807225&docid=24bbacfec08386e6_db477e65b9a17d34&schid=8001&row=38&page=1
6925 E Fowler.pdf,09:50,2022037422,RA-Risk Assessment,6925 E Fowler Ave.,Z1,,https://journaliststudio.google.com/pinpoint-extract/preview?collection=db477e65b9a17d34&job=fb839ccbe5807225&docid=24bbacfec08386e6_db477e65b9a17d34&schid=8001&row=39&page=1
6925 E Fowler.pdf,13:21,2022037458,S68-Police Service C,6925 E Fowler Ave.,Z1,207,https://journaliststudio.google.com/pinpoint-extract/preview?collection=db477e65b9a17d34&job=fb839ccbe5807225&docid=24bbacfec08386e6_db477e65b9a17d34&schid=8001&row=40&page=1
6925 E Fowler.pdf,14:38,2022037465,S68-Police Service C,6925 E Fowler Ave.,Z1,207,https://journaliststudio.google.com/pinpoint-extract/preview?collection=db477e65b9a17d34&job=fb839ccbe5807225&docid=24bbacfec08386e6_db477e65b9a17d34&schid=8001&row=41&page=1
6925 E Fowler.pdf,15:27,2022037474,S17-Attempt To Conta,6925 E Fowler Ave.,Z1,207,https://journaliststudio.google.com/pinpoint-extract/preview?collection=db477e65b9a17d34&job=fb839ccbe5807225&docid=24bbacfec08386e6_db477e65b9a17d34&schid=8001&row=42&page=1
6925 E Fowler.pdf,15:36,2022037475,1006-Busy,6925 E Fowler Ave.,Z1,207,https://journaliststudio.google.com/pinpoint-extract/preview?collection=db477e65b9a17d34&job=fb839ccbe5807225&docid=24bbacfec08386e6_db477e65b9a17d34&schid=8001&row=43&page=1
6925 E Fowler.pdf,15:45,2022037476,S14-Information,6925 E Fowler Ave.,Z1,207,https://journaliststudio.google.com/pinpoint-extract/preview?collection=db477e65b9a17d34&job=fb839ccbe5807225&docid=24bbacfec08386e6_db477e65b9a17d34&schid=8001&row=44&page=1
6925 E Fowler.pdf,14:27,2022037625,1006-Busy,6925 E Fowler Ave.,Z1,,https://journaliststudio.google.com/pinpoint-extract/preview?collection=db477e65b9a17d34&job=fb839ccbe5807225&docid=24bbacfec08386e6_db477e65b9a17d34&schid=8001&row=45&page=1
6925 E Fowler.pdf,08:07,2022037953,FP-Foot Patrol,6925 E Fowler Ave.,Z1,,https://journaliststudio.google.com/pinpoint-extract/preview?collection=db477e65b9a17d34&job=fb839ccbe5807225&docid=24bbacfec08386e6_db477e65b9a17d34&schid=8001&row=46&page=1
6925 E Fowler.pdf,13:40,2022038220,RA-Risk Assessment,6925 E Fowler Ave.,Z1,207,https://journaliststudio.google.com/pinpoint-extract/preview?collection=db477e65b9a17d34&job=fb839ccbe5807225&docid=24bbacfec08386e6_db477e65b9a17d34&schid=8001&row=47&page=1
6925 E Fowler.pdf,14:15,2022038400,1006-Busy,6925 E Fowler Ave.,Z1,207,https://journaliststudio.google.com/pinpoint-extract/preview?collection=db477e65b9a17d34&job=fb839ccbe5807225&docid=24bbacfec08386e6_db477e65b9a17d34&schid=8001&row=48&page=1
6925 E Fowler.pdf,16:06,2022038414,STER-Traffic Enforce,6925 E Fowler Ave.,Z1,207,https://journaliststudio.google.com/pinpoint-extract/preview?collection=db477e65b9a17d34&job=fb839ccbe5807225&docid=24bbacfec08386e6_db477e65b9a17d34&schid=8001&row=49&page=1
6925 E Fowler.pdf,07:23,2022038502,FP-Foot Patrol,6925 E Fowler Ave.,Z1,,https://journaliststudio.google.com/pinpoint-extract/preview?collection=db477e65b9a17d34&job=fb839ccbe5807225&docid=24bbacfec08386e6_db477e65b9a17d34&schid=8001&row=50&page=1
6925 E Fowler.pdf,09:14,2022038521,STER-Traffic Enforce,6925 E Fowler Ave.,Z1,207,https://journaliststudio.google.com/pinpoint-extract/preview?collection=db477e65b9a17d34&job=fb839ccbe5807225&docid=24bbacfec08386e6_db477e65b9a17d34&schid=8001&row=51&page=1
6925 E Fowler.pdf,10:03,2022038525,RA-Risk Assessment,6925 E Fowler Ave.,Z1,207,https://journaliststudio.google.com/pinpoint-extract/preview?collection=db477e65b9a17d34&job=fb839ccbe5807225&docid=24bbacfec08386e6_db477e65b9a17d34&schid=8001&row=52&page=1
6925 E Fowler.pdf,19:03,2022038574,S14-Information,6925 E Fowler Ave.,Z1,207,https://journaliststudio.google.com/pinpoint-extract/preview?collection=db477e65b9a17d34&job=fb839ccbe5807225&docid=24bbacfec08386e6_db477e65b9a17d34&schid=8001&row=53&page=1
6925 E Fowler.pdf,11:05,2022038654,S14-Information,6925 E Fowler Ave.,Z1,207,https://journaliststudio.google.com/pinpoint-extract/preview?collection=db477e65b9a17d34&job=fb839ccbe5807225&docid=24bbacfec08386e6_db477e65b9a17d34&schid=8001&row=54&page=1
6925 E Fowler.pdf,07:32,2022039054,1006-Busy,6925 E Fowler Ave.,Z1,207,https://journaliststudio.google.com/pinpoint-extract/preview?collection=db477e65b9a17d34&job=fb839ccbe5807225&docid=24bbacfec08386e6_db477e65b9a17d34&schid=8001&row=55&page=1
6925 E Fowler.pdf,16:23,2022039119,STER-Traffic Enforce,6925 E Fowler Ave.,Z1,207,https://journaliststudio.google.com/pinpoint-extract/preview?collection=db477e65b9a17d34&job=fb839ccbe5807225&docid=24bbacfec08386e6_db477e65b9a17d34&schid=8001&row=56&page=1
6925 E Fowler.pdf,09:26,2022039197,1006-Busy,6925 E Fowler Ave.,Z1,207,https://journaliststudio.google.com/pinpoint-extract/preview?collection=db477e65b9a17d34&job=fb839ccbe5807225&docid=24bbacfec08386e6_db477e65b9a17d34&schid=8001&row=57&page=1
6925 E Fowler.pdf,14:09,2022039219,S14-Information,6925 E Fowler Ave.,Z1,207,https://journaliststudio.google.com/pinpoint-extract/preview?collection=db477e65b9a17d34&job=fb839ccbe5807225&docid=24bbacfec08386e6_db477e65b9a17d34&schid=8001&row=58&page=1
6925 E Fowler.pdf,14:32,2022039221,AOA-Assist Other Age,6925 E Fowler Ave.,N Z1,207,https://journaliststudio.google.com/pinpoint-extract/preview?collection=db477e65b9a17d34&job=fb839ccbe5807225&docid=24bbacfec08386e6_db477e65b9a17d34&schid=8001&row=59&page=1
6925 E Fowler.pdf,13:37,2022039872,S14-Information,6925 E Fowler Ave.,N Z1,207,https://journaliststudio.google.com/pinpoint-extract/preview?collection=db477e65b9a17d34&job=fb839ccbe5807225&docid=24bbacfec08386e6_db477e65b9a17d34&schid=8001&row=60&page=1
6925 E Fowler.pdf,13:24,2022040208,S14-Information,6925 E Fowler Ave.,N Z1,207,https://journaliststudio.google.com/pinpoint-extract/preview?collection=db477e65b9a17d34&job=fb839ccbe5807225&docid=24bbacfec08386e6_db477e65b9a17d34&schid=8001&row=61&page=1
6925 E Fowler.pdf,07:29,2022040305,FP-Foot Patrol,6925 E Fowler Ave.,N,,https://journaliststudio.google.com/pinpoint-extract/preview?collection=db477e65b9a17d34&job=fb839ccbe5807225&docid=24bbacfec08386e6_db477e65b9a17d34&schid=8001&row=62&page=1
6925 E Fowler.pdf,09:48,2022040454,S31SD-Sim. Battery/a,6925 E Fowler Ave.,N Z1,207,https://journaliststudio.google.com/pinpoint-extract/preview?collection=db477e65b9a17d34&job=fb839ccbe5807225&docid=24bbacfec08386e6_db477e65b9a17d34&schid=8001&row=63&page=1
6925 E Fowler.pdf,09:23,2022040969,S31SD-Sim. Battery/a,6925 E Fowler Ave.,N Z1,207,https://journaliststudio.google.com/pinpoint-extract/preview?collection=db477e65b9a17d34&job=fb839ccbe5807225&docid=24bbacfec08386e6_db477e65b9a17d34&schid=8001&row=64&page=1
6925 E Fowler.pdf,11:37,2022040991,S31SD-Sim. Battery/a,6925 E Fowler Ave.,N,207,https://journaliststudio.google.com/pinpoint-extract/preview?collection=db477e65b9a17d34&job=fb839ccbe5807225&docid=24bbacfec08386e6_db477e65b9a17d34&schid=8001&row=65&page=1
6925 E Fowler.pdf,12:32,2022040996,S31SD-Sim. Battery/a,6925 E Fowler Ave.,N,207,https://journaliststudio.google.com/pinpoint-extract/preview?collection=db477e65b9a17d34&job=fb839ccbe5807225&docid=24bbacfec08386e6_db477e65b9a17d34&schid=8001&row=66&page=1
6925 E Fowler.pdf,12:07,2022041133,1006-Busy,6925 E Fowler Ave.,,,https://journaliststudio.google.com/pinpoint-extract/preview?collection=db477e65b9a17d34&job=fb839ccbe5807225&docid=24bbacfec08386e6_db477e65b9a17d34&schid=8001&row=67&page=1
6925 E Fowler.pdf,17:40,2022041167,1006-Busy,6925 E Fowler Ave.,,,https://journaliststudio.google.com/pinpoint-extract/preview?collection=db477e65b9a17d34&job=fb839ccbe5807225&docid=24bbacfec08386e6_db477e65b9a17d34&schid=8001&row=68&page=1
6925 E Fowler.pdf,10:41,2022041382,SSD-Safe School Dril,6925 E Fowler Ave.,,207,https://journaliststudio.google.com/pinpoint-extract/preview?collection=db477e65b9a17d34&job=fb839ccbe5807225&docid=24bbacfec08386e6_db477e65b9a17d34&schid=8001&row=69&page=1
6925 E Fowler.pdf,09:14,2022041694,1006-Busy,6925 E Fowler Ave.,NNNNNNN Z1,,https://journaliststudio.google.com/pinpoint-extract/preview?collection=db477e65b9a17d34&job=fb839ccbe5807225&docid=24bbacfec08386e6_db477e65b9a17d34&schid=8001&row=70&page=1
6925 E Fowler.pdf,14:00,2022041722,S15-Special Detail,6925 E Fowler Ave.,Z1,207,https://journaliststudio.google.com/pinpoint-extract/preview?collection=db477e65b9a17d34&job=fb839ccbe5807225&docid=24bbacfec08386e6_db477e65b9a17d34&schid=8001&row=71&page=1
6925 E Fowler.pdf,05:59,2022041795,$15-Special Detail,6925 E Fowler Ave.,,207,https://journaliststudio.google.com/pinpoint-extract/preview?collection=db477e65b9a17d34&job=fb839ccbe5807225&docid=24bbacfec08386e6_db477e65b9a17d34&schid=8001&row=72&page=1
6925 E Fowler.pdf,08:13,2022041802,S15-Special Detail,6925 E Fowler Ave.,,,https://journaliststudio.google.com/pinpoint-extract/preview?collection=db477e65b9a17d34&job=fb839ccbe5807225&docid=24bbacfec08386e6_db477e65b9a17d34&schid=8001&row=73&page=1
