school_level,current_school,current_placement,zoned_school,asian,black,hispanic,indian,multi,white,grand_total,total_row
Elem,ALAFIA ELEMENTARY,"NeighborhoodTotal","NeighborhoodTotal",21,114,318,0,126,645,1224,TRUE
Elem,ALAFIA ELEMENTARY,Total,Total,48,144,489,0,171,963,1815,TRUE
Elem,ALEXANDER ELEMENTARY,Choice Total,Choice Total,3,21,204,0,6,12,246,TRUE
Elem,ALEXANDER ELEMENTARY,Hope Sch Total,Hope Sch Total,0,0,6,0,0,0,6,TRUE
Elem,ALEXANDER ELEMENTARY,"NeighborhoodTotal","NeighborhoodTotal",12,18,1134,0,39,51,1254,TRUE
Elem,ALEXANDER ELEMENTARY,Total,Total,15,39,1344,0,45,63,1506,TRUE
Elem,ANDERSON ELEMENTARY,Choice Total,Choice Total,3,15,24,0,24,36,102,TRUE
Elem,ANDERSON ELEMENTARY,"NeighborhoodTotal","NeighborhoodTotal",45,120,171,0,111,291,738,TRUE
Elem,ANDERSON ELEMENTARY,Total,Total,48,135,195,0,135,327,840,TRUE
Elem,APOLLO BEACH ELEMENTARY,Choice Total,Choice Total,0,42,126,0,30,222,420,TRUE
Elem,APOLLO BEACH ELEMENTARY,Hope Sch Total,Hope Sch Total,0,12,0,0,0,0,12,TRUE
Elem,APOLLO BEACH ELEMENTARY,"NeighborhoodTotal","NeighborhoodTotal",30,102,354,3,126,795,1410,TRUE
Elem,APOLLO BEACH ELEMENTARY,Total,Total,30,156,480,3,156,1017,1842,TRUE
Elem,BAILEY ELEMENTARY,Choice Total,Choice Total,0,9,135,0,24,213,381,TRUE
Elem,BAILEY ELEMENTARY,"NeighborhoodTotal","NeighborhoodTotal",21,90,924,3,90,774,1902,TRUE
Elem,BAILEY ELEMENTARY,Total,Total,21,99,1059,3,114,987,2283,TRUE
Elem,BALLAST POINT ELEMENTARY,Choice Total,Choice Total,15,12,24,0,21,135,207,TRUE
Elem,BALLAST POINT ELEMENTARY,"ESE PlacedTotal","ESE PlacedTotal",0,0,0,0,0,3,3,TRUE
Elem,BALLAST POINT ELEMENTARY,Hope Sch Total,Hope Sch Total,0,0,0,0,0,3,3,TRUE
Elem,BALLAST POINT ELEMENTARY,"NeighborhoodTotal","NeighborhoodTotal",60,81,216,0,141,708,1206,TRUE
Elem,BALLAST POINT ELEMENTARY,Total,Total,75,93,240,0,162,849,1419,TRUE
Elem,BAY CREST ELEMENTARY,Choice Total,Choice Total,0,6,63,0,9,24,102,TRUE
Elem,BAY CREST ELEMENTARY,Hope Sch Total,Hope Sch Total,0,0,0,0,0,3,3,TRUE
Elem,BAY CREST ELEMENTARY,"NeighborhoodTotal","NeighborhoodTotal",30,150,1131,3,84,156,1554,TRUE
Elem,BAY CREST ELEMENTARY,Total,Total,30,156,1194,3,93,183,1659,TRUE
Elem,BELLAMY ELEMENTARY,Choice Total,Choice Total,3,15,207,0,9,36,270,TRUE
Elem,BELLAMY ELEMENTARY,"ESE PlacedTotal","ESE PlacedTotal",0,0,3,0,0,0,3,TRUE
Elem,BELLAMY ELEMENTARY,"NeighborhoodTotal","NeighborhoodTotal",60,120,1185,0,54,123,1542,TRUE
Elem,BELLAMY ELEMENTARY,Total,Total,63,135,1395,0,63,159,1815,TRUE
Elem,BELMONT ELEMENTARY SCHOOL,Choice Total,Choice Total,0,30,18,0,15,18,81,TRUE
Elem,BELMONT ELEMENTARY SCHOOL,"ESE PlacedTotal","ESE PlacedTotal",0,0,0,0,3,0,3,TRUE
Elem,BELMONT ELEMENTARY SCHOOL,"NeighborhoodTotal","NeighborhoodTotal",51,1077,804,3,294,570,2799,TRUE
Elem,BELMONT ELEMENTARY SCHOOL,Total,Total,51,1107,822,3,312,588,2883,TRUE
Elem,BEVIS ELEMENTARY,Choice Total,Choice Total,123,12,162,0,57,510,864,TRUE
Elem,BEVIS ELEMENTARY,"NeighborhoodTotal","NeighborhoodTotal",144,42,324,3,177,1038,1728,TRUE
Elem,BEVIS ELEMENTARY,Total,Total,267,54,486,3,234,1548,2592,TRUE
Elem,BING ELEMENTARY,Choice Total,Choice Total,0,66,27,0,6,0,99,TRUE
Elem,BING ELEMENTARY,"ESE PlacedTotal","ESE PlacedTotal",0,3,0,0,0,0,3,TRUE
Elem,BING ELEMENTARY,"NeighborhoodTotal","NeighborhoodTotal",18,294,786,0,72,234,1404,TRUE
Elem,BING ELEMENTARY,Total,Total,18,363,813,0,78,234,1506,TRUE
Elem,BOYETTE SPRINGS ELEMENTARY,Choice Total,Choice Total,72,108,138,3,66,354,741,TRUE
Elem,BOYETTE SPRINGS ELEMENTARY,"NeighborhoodTotal","NeighborhoodTotal",69,219,438,3,177,837,1743,TRUE
Elem,BOYETTE SPRINGS ELEMENTARY,Total,Total,141,327,576,6,243,1191,2484,TRUE
Elem,BROOKER ELEMENTARY,Choice Total,Choice Total,0,48,72,3,42,144,309,TRUE
Elem,BROOKER ELEMENTARY,"NeighborhoodTotal","NeighborhoodTotal",117,234,657,6,171,783,1968,TRUE
Elem,BROOKER ELEMENTARY,Total,Total,117,282,729,9,213,927,2277,TRUE
Elem,BROWARD ELEMENTARY,Choice Total,Choice Total,0,45,21,0,0,0,66,TRUE
Elem,BROWARD ELEMENTARY,Hope Sch Total,Hope Sch Total,0,3,0,0,0,0,3,TRUE
Elem,BROWARD ELEMENTARY,"NeighborhoodTotal","NeighborhoodTotal",3,309,183,0,48,45,588,TRUE
Elem,BROWARD ELEMENTARY,Total,Total,3,357,204,0,48,45,657,TRUE
Elem,BRYAN PLANT CITY ELEMENTARY,Choice Total,Choice Total,3,36,45,0,9,6,99,TRUE
Elem,BRYAN PLANT CITY ELEMENTARY,"NeighborhoodTotal","NeighborhoodTotal",12,120,1413,6,27,228,1806,TRUE
Elem,BRYAN PLANT CITY ELEMENTARY,Total,Total,15,156,1458,6,36,234,1905,TRUE
Elem,BRYANT ELEMENTARY,Choice Total,Choice Total,84,24,81,0,45,240,474,TRUE
Elem,BRYANT ELEMENTARY,"ESE PlacedTotal","ESE PlacedTotal",0,0,6,0,3,6,15,TRUE
Elem,BRYANT ELEMENTARY,"NeighborhoodTotal","NeighborhoodTotal",297,33,300,3,177,1395,2205,TRUE
Elem,BRYANT ELEMENTARY,Total,Total,381,57,387,3,225,1641,2694,TRUE
Elem,BUCKHORN ELEMENTARY,Choice Total,Choice Total,12,15,123,0,21,288,459,TRUE
Elem,BUCKHORN ELEMENTARY,Hope Sch Total,Hope Sch Total,0,0,3,0,0,0,3,TRUE
Elem,BUCKHORN ELEMENTARY,"NeighborhoodTotal","NeighborhoodTotal",60,168,477,3,126,765,1599,TRUE
Elem,BUCKHORN ELEMENTARY,Total,Total,72,183,603,3,147,1053,2061,TRUE
Elem,BURNEY ELEMENTARY,Choice Total,Choice Total,0,15,36,0,0,27,78,TRUE
Elem,BURNEY ELEMENTARY,"NeighborhoodTotal","NeighborhoodTotal",0,303,546,0,45,195,1089,TRUE
Elem,BURNEY ELEMENTARY,Total,Total,0,321,582,0,45,222,1170,TRUE
Elem,CANNELLA ELEMENTARY,Choice Total,Choice Total,6,21,171,0,15,45,258,TRUE
Elem,CANNELLA ELEMENTARY,"NeighborhoodTotal","NeighborhoodTotal",39,162,1041,9,63,249,1563,TRUE
Elem,CANNELLA ELEMENTARY,Total,Total,45,183,1212,9,78,294,1821,TRUE
Elem,CHIARAMONTE ELEMENTARY,Choice Total,Choice Total,6,60,45,0,69,81,261,TRUE
Elem,CHIARAMONTE ELEMENTARY,"ESE PlacedTotal","ESE PlacedTotal",0,0,3,0,0,0,3,TRUE
Elem,CHIARAMONTE ELEMENTARY,"NeighborhoodTotal","NeighborhoodTotal",54,180,117,0,69,261,681,TRUE
Elem,CHIARAMONTE ELEMENTARY,Total,Total,60,240,165,0,138,342,945,TRUE
Elem,CHILES ELEMENTARY,Choice Total,Choice Total,60,81,78,3,57,114,393,TRUE
Elem,CHILES ELEMENTARY,"NeighborhoodTotal","NeighborhoodTotal",591,312,378,6,156,639,2082,TRUE
Elem,CHILES ELEMENTARY,Total,Total,651,393,456,9,213,753,2475,TRUE
Elem,CIMINO ELEMENTARY,"NeighborhoodTotal","NeighborhoodTotal",48,177,501,0,201,897,1824,TRUE
Elem,CIMINO ELEMENTARY,Total,Total,72,192,654,0,240,1269,2427,TRUE
Elem,CITRUS PARK ELEMENTARY,Choice Total,Choice Total,9,9,198,0,30,81,327,TRUE
Elem,CITRUS PARK ELEMENTARY,"ESE PlacedTotal","ESE PlacedTotal",0,0,3,0,0,0,3,TRUE
Elem,CITRUS PARK ELEMENTARY,"NeighborhoodTotal","NeighborhoodTotal",117,84,558,0,117,318,1194,TRUE
Elem,CITRUS PARK ELEMENTARY,Total,Total,126,93,759,0,147,399,1524,TRUE
Elem,CLAIR MEL ELEMENTARY,Choice Total,Choice Total,0,27,18,6,6,3,60,TRUE
Elem,CLAIR MEL ELEMENTARY,"NeighborhoodTotal","NeighborhoodTotal",12,372,837,0,45,90,1356,TRUE
Elem,CLAIR MEL ELEMENTARY,Total,Total,12,399,855,6,51,93,1416,TRUE
Elem,CLARK ELEMENTARY,Choice Total,Choice Total,111,96,63,3,51,141,465,TRUE
Elem,CLARK ELEMENTARY,"NeighborhoodTotal","NeighborhoodTotal",756,408,375,6,168,480,2193,TRUE
Elem,CLARK ELEMENTARY,Total,Total,867,504,438,9,219,621,2658,TRUE
Elem,CLAYWELL ELEMENTARY,Choice Total,Choice Total,3,27,147,0,33,120,330,TRUE
Elem,CLAYWELL ELEMENTARY,"NeighborhoodTotal","NeighborhoodTotal",27,90,786,3,135,504,1545,TRUE
Elem,CLAYWELL ELEMENTARY,Total,Total,30,117,933,3,168,624,1875,TRUE
Elem,CLEVELAND ELEMENTARY,Choice Total,Choice Total,0,15,12,0,3,0,30,TRUE
Elem,CLEVELAND ELEMENTARY,Magnet Total,Magnet Total,0,3,0,0,0,0,3,TRUE
Elem,CLEVELAND ELEMENTARY,"NeighborhoodTotal","NeighborhoodTotal",6,276,189,0,33,42,546,TRUE
Elem,CLEVELAND ELEMENTARY,Total,Total,6,294,201,0,36,42,579,TRUE
Elem,COLSON ELEMENTARY,Choice Total,Choice Total,6,81,93,0,15,171,366,TRUE
Elem,COLSON ELEMENTARY,"NeighborhoodTotal","NeighborhoodTotal",24,276,666,3,117,414,1500,TRUE
Elem,COLSON ELEMENTARY,Total,Total,30,357,759,3,132,585,1866,TRUE
Elem,CORK ELEMENTARY,Choice Total,Choice Total,3,18,108,0,15,225,369,TRUE
Elem,CORK ELEMENTARY,"NeighborhoodTotal","NeighborhoodTotal",18,24,921,0,54,603,1620,TRUE
Elem,CORK ELEMENTARY,Total,Total,21,42,1029,0,69,828,1989,TRUE
Elem,CORR ELEMENTARY,"NeighborhoodTotal","NeighborhoodTotal",39,516,861,3,129,282,1830,TRUE
Elem,CORR ELEMENTARY,Total,Total,42,531,924,3,132,315,1947,TRUE
Elem,CRESTWOOD ELEMENTARY,Choice Total,Choice Total,9,3,105,0,3,15,135,TRUE
Elem,CRESTWOOD ELEMENTARY,Magnet Total,Magnet Total,0,0,0,0,0,3,3,TRUE
Elem,CRESTWOOD ELEMENTARY,"NeighborhoodTotal","NeighborhoodTotal",48,207,1782,0,63,84,2184,TRUE
Elem,CRESTWOOD ELEMENTARY,Total,Total,57,210,1887,0,66,102,2322,TRUE
Elem,CYPRESS CREEK ELEMENTARY,Choice Total,Choice Total,0,15,30,0,3,6,54,TRUE
Elem,CYPRESS CREEK ELEMENTARY,"ESE PlacedTotal","ESE PlacedTotal",0,3,0,0,0,0,3,TRUE
Elem,CYPRESS CREEK ELEMENTARY,"NeighborhoodTotal","NeighborhoodTotal",51,993,1227,3,255,384,2913,TRUE
Elem,CYPRESS CREEK ELEMENTARY,Total,Total,51,1011,1257,3,258,390,2970,TRUE
Elem,DAVIS ELEMENTARY,Choice Total,Choice Total,0,15,72,0,15,15,117,TRUE
Elem,DAVIS ELEMENTARY,"ESE PlacedTotal","ESE PlacedTotal",0,0,0,0,0,3,3,TRUE
Elem,DAVIS ELEMENTARY,"NeighborhoodTotal","NeighborhoodTotal",30,87,1158,0,54,159,1488,TRUE
Elem,DAVIS ELEMENTARY,Total,Total,30,102,1230,0,69,177,1608,TRUE
Elem,DAWSON ELEMENTARY,Choice Total,Choice Total,0,3,24,0,15,54,96,TRUE
Elem,DAWSON ELEMENTARY,"ESE PlacedTotal","ESE PlacedTotal",0,0,0,0,0,3,3,TRUE
Elem,DAWSON ELEMENTARY,"NeighborhoodTotal","NeighborhoodTotal",45,558,975,6,321,987,2892,TRUE
Elem,DAWSON ELEMENTARY,Total,Total,45,561,999,6,336,1044,2991,TRUE
Elem,DEER PARK ELEMENTARY,Choice Total,Choice Total,30,9,96,0,24,123,282,TRUE
Elem,DEER PARK ELEMENTARY,"NeighborhoodTotal","NeighborhoodTotal",645,87,573,12,162,1200,2679,TRUE
Elem,DEER PARK ELEMENTARY,Total,Total,675,96,669,12,186,1323,2961,TRUE
Elem,DESOTO ELEMENTARY,Choice Total,Choice Total,0,18,69,0,0,6,93,TRUE
Elem,DESOTO ELEMENTARY,"NeighborhoodTotal","NeighborhoodTotal",3,84,306,0,21,36,450,TRUE
Elem,DESOTO ELEMENTARY,Total,Total,3,102,375,0,21,42,543,TRUE
Elem,DICKENSON ELEMENTARY,Choice Total,Choice Total,3,0,63,0,9,9,84,TRUE
Elem,DICKENSON ELEMENTARY,"NeighborhoodTotal","NeighborhoodTotal",33,129,1293,0,87,183,1725,TRUE
Elem,DICKENSON ELEMENTARY,Total,Total,36,129,1356,0,96,192,1809,TRUE
Elem,DOBY ELEMENTARY,Choice Total,Choice Total,0,60,45,0,12,78,195,TRUE
Elem,DOBY ELEMENTARY,"NeighborhoodTotal","NeighborhoodTotal",45,345,435,3,198,627,1653,TRUE
Elem,DOBY ELEMENTARY,Total,Total,45,405,480,3,213,705,1851,TRUE
Elem,DOVER ELEMENTARY,Choice Total,Choice Total,0,6,66,0,0,12,84,TRUE
Elem,DOVER ELEMENTARY,"ESE CenterTotal","ESE CenterTotal",0,0,3,0,0,0,3,TRUE
Elem,DOVER ELEMENTARY,"NeighborhoodTotal","NeighborhoodTotal",0,9,1464,0,9,75,1557,TRUE
Elem,DOVER ELEMENTARY,Total,Total,0,15,1533,0,9,87,1644,TRUE
Elem,DR KIRAN C PATEL ELEMENTARY,Charter Total,Charter Total,192,267,246,9,132,342,1188,TRUE
Elem,DR KIRAN C PATEL ELEMENTARY,Total,Total,192,267,246,9,132,342,1188,TRUE
Elem,DUNBAR ELEMENTARY,Magnet Total,Magnet Total,24,516,159,0,87,69,855,TRUE
Elem,DUNBAR ELEMENTARY,"NeighborhoodTotal","NeighborhoodTotal",0,153,24,0,21,15,213,TRUE
Elem,DUNBAR ELEMENTARY,Total,Total,24,669,183,0,108,84,1068,TRUE
Elem,EDISON ELEMENTARY,Choice Total,Choice Total,0,129,24,0,0,12,165,TRUE
Elem,EDISON ELEMENTARY,"NeighborhoodTotal","NeighborhoodTotal",0,528,144,0,18,39,729,TRUE
Elem,EDISON ELEMENTARY,Total,Total,0,657,168,0,18,51,894,TRUE
Elem,EGYPT LAKE ELEMENTARY,Choice Total,Choice Total,9,69,249,0,18,9,354,TRUE
Elem,EGYPT LAKE ELEMENTARY,Hope Sch Total,Hope Sch Total,0,3,3,0,0,0,6,TRUE
Elem,EGYPT LAKE ELEMENTARY,"NeighborhoodTotal","NeighborhoodTotal",21,120,879,0,18,69,1107,TRUE
Elem,EGYPT LAKE ELEMENTARY,Total,Total,30,192,1131,0,36,78,1467,TRUE
Elem,ESSRIG ELEMENTARY,Choice Total,Choice Total,6,24,129,0,9,78,246,TRUE
Elem,ESSRIG ELEMENTARY,"ESE PlacedTotal","ESE PlacedTotal",0,3,12,0,12,12,39,TRUE
Elem,ESSRIG ELEMENTARY,Magnet Total,Magnet Total,6,21,45,0,18,45,135,TRUE
Elem,ESSRIG ELEMENTARY,"NeighborhoodTotal","NeighborhoodTotal",84,84,750,0,123,288,1329,TRUE
Elem,ESSRIG ELEMENTARY,Total,Total,96,132,936,0,162,423,1749,TRUE
Elem,EXCELSIOR PREP CHARTER SCHOOL,Charter Total,Charter Total,0,267,360,0,30,24,681,TRUE
Elem,EXCELSIOR PREP CHARTER SCHOOL,Total,Total,0,267,360,0,30,24,681,TRUE
Elem,FISHHAWK CREEK ELEMENTARY,Choice Total,Choice Total,3,3,15,0,0,105,126,TRUE
Elem,FISHHAWK CREEK ELEMENTARY,"NeighborhoodTotal","NeighborhoodTotal",138,144,519,12,291,1833,2937,TRUE
Elem,FISHHAWK CREEK ELEMENTARY,Total,Total,141,147,534,12,291,1938,0,TRUE
Elem,FOLSOM ELEMENTARY,Choice Total,Choice Total,0,39,39,0,0,27,105,TRUE
Elem,FOLSOM ELEMENTARY,"NeighborhoodTotal","NeighborhoodTotal",27,594,339,0,96,252,1308,TRUE
Elem,FOLSOM ELEMENTARY,Total,Total,27,633,378,0,96,279,1413,TRUE
Elem,FOREST HILLS ELEMENTARY,Choice Total,Choice Total,0,54,72,0,6,0,132,TRUE
Elem,FOREST HILLS ELEMENTARY,"NeighborhoodTotal","NeighborhoodTotal",48,417,1167,0,96,195,1923,TRUE
Elem,FOREST HILLS ELEMENTARY,Total,Total,48,471,1239,0,102,195,2055,TRUE
Elem,FOSTER ELEMENTARY,Hope Sch Total,Hope Sch Total,0,3,0,0,0,0,3,TRUE
Elem,FOSTER ELEMENTARY,"NeighborhoodTotal","NeighborhoodTotal",6,648,306,0,36,18,1014,TRUE
Elem,FOSTER ELEMENTARY,Total,Total,6,741,351,0,42,21,1161,TRUE
Elem,FROST ELEMENTARY,Choice Total,Choice Total,0,183,90,0,33,63,369,TRUE
Elem,FROST ELEMENTARY,"ESE PlacedTotal","ESE PlacedTotal",0,0,3,0,0,0,3,TRUE
Elem,FROST ELEMENTARY,Hope Sch Total,Hope Sch Total,0,3,0,0,0,0,3,TRUE
Elem,FROST ELEMENTARY,"NeighborhoodTotal","NeighborhoodTotal",36,612,552,0,117,189,1506,TRUE
Elem,FROST ELEMENTARY,Total,Total,36,798,645,0,150,252,1881,TRUE
Elem,GIBSONTON ELEMENTARY,"ESE PlacedTotal","ESE PlacedTotal",0,0,0,0,0,3,3,TRUE
Elem,GIBSONTON ELEMENTARY,"NeighborhoodTotal","NeighborhoodTotal",9,150,873,3,81,351,1467,TRUE
Elem,GIBSONTON ELEMENTARY,Total,Total,9,159,885,3,93,381,1530,TRUE
Elem,GORRIE ELEMENTARY,Choice Total,Choice Total,0,0,6,0,0,39,45,TRUE
Elem,GORRIE ELEMENTARY,"NeighborhoodTotal","NeighborhoodTotal",84,114,165,9,111,990,1473,TRUE
Elem,GORRIE ELEMENTARY,Total,Total,84,114,171,9,111,1029,1518,TRUE
Elem,GRADY ELEMENTARY,Choice Total,Choice Total,3,12,30,0,3,33,81,TRUE
Elem,GRADY ELEMENTARY,"ESE PlacedTotal","ESE PlacedTotal",0,0,3,0,0,3,6,TRUE
Elem,GRADY ELEMENTARY,"NeighborhoodTotal","NeighborhoodTotal",135,90,306,0,132,918,1581,TRUE
Elem,GRADY ELEMENTARY,Total,Total,138,102,339,0,135,954,1668,TRUE
Elem,GRAHAM ELEMENTARY,Choice Total,Choice Total,0,36,0,0,15,6,57,TRUE
Elem,GRAHAM ELEMENTARY,Hope Sch Total,Hope Sch Total,0,9,0,0,0,0,9,TRUE
Elem,GRAHAM ELEMENTARY,"NeighborhoodTotal","NeighborhoodTotal",3,417,81,6,39,30,576,TRUE
Elem,GRAHAM ELEMENTARY,Total,Total,3,462,81,6,54,36,642,TRUE
Elem,HAMMOND ELEMENTARY,Choice Total,Choice Total,21,18,141,0,33,222,435,TRUE
Elem,HAMMOND ELEMENTARY,"ESE PlacedTotal","ESE PlacedTotal",0,0,3,0,3,0,6,TRUE
Elem,HAMMOND ELEMENTARY,"NeighborhoodTotal","NeighborhoodTotal",87,48,294,0,135,1122,1686,TRUE
Elem,HAMMOND ELEMENTARY,Total,Total,108,66,438,0,171,1344,2127,TRUE
Elem,HERITAGE ELEMENTARY,Choice Total,Choice Total,3,30,9,0,18,63,123,TRUE
Elem,HERITAGE ELEMENTARY,"NeighborhoodTotal","NeighborhoodTotal",165,414,270,6,153,450,1458,TRUE
Elem,HERITAGE ELEMENTARY,Total,Total,168,444,279,6,171,513,1581,TRUE
Elem,HUNTER'S GREEN ELEMENTARY,Choice Total,Choice Total,39,111,168,0,27,201,546,TRUE
Elem,HUNTER'S GREEN ELEMENTARY,"ESE PlacedTotal","ESE PlacedTotal",0,0,0,0,0,3,3,TRUE
Elem,HUNTER'S GREEN ELEMENTARY,Hope Sch Total,Hope Sch Total,0,0,0,0,0,3,3,TRUE
Elem,HUNTER'S GREEN ELEMENTARY,"NeighborhoodTotal","NeighborhoodTotal",303,204,381,6,198,783,1875,TRUE
Elem,HUNTER'S GREEN ELEMENTARY,Total,Total,342,315,549,6,225,990,2427,TRUE
Elem,IPPOLITO ELEMENTARY,Choice Total,Choice Total,0,15,24,0,0,12,51,TRUE
Elem,IPPOLITO ELEMENTARY,"NeighborhoodTotal","NeighborhoodTotal",18,579,414,0,111,198,1320,TRUE
Elem,IPPOLITO ELEMENTARY,Total,Total,18,594,438,0,111,210,1371,TRUE
Elem,JACKSON ELEMENTARY,Choice Total,Choice Total,0,21,3,0,0,6,30,TRUE
Elem,JACKSON ELEMENTARY,"NeighborhoodTotal","NeighborhoodTotal",0,354,675,0,75,204,1308,TRUE
Elem,JACKSON ELEMENTARY,Total,Total,0,375,678,0,75,210,1338,TRUE
Elem,JAMES ELEMENTARY,Choice Total,Choice Total,0,24,0,0,0,0,24,TRUE
Elem,JAMES ELEMENTARY,"NeighborhoodTotal","NeighborhoodTotal",0,774,198,0,15,54,1041,TRUE
Elem,JAMES ELEMENTARY,Total,Total,0,798,198,0,15,54,1065,TRUE
Elem,KENLY ELEMENTARY,Choice Total,Choice Total,0,45,15,0,3,3,66,TRUE
Elem,KENLY ELEMENTARY,"ESE PlacedTotal","ESE PlacedTotal",0,0,3,0,0,0,3,TRUE
Elem,KENLY ELEMENTARY,Hope Sch Total,Hope Sch Total,0,3,3,0,0,3,9,TRUE
Elem,KENLY ELEMENTARY,"NeighborhoodTotal","NeighborhoodTotal",6,663,345,3,84,90,1191,TRUE
Elem,KENLY ELEMENTARY,Total,Total,6,711,366,3,87,96,1269,TRUE
Elem,KIMBELL ELEMENTARY,Choice Total,Choice Total,0,18,3,0,0,0,21,TRUE
Elem,KIMBELL ELEMENTARY,"NeighborhoodTotal","NeighborhoodTotal",0,549,315,3,57,78,1002,TRUE
Elem,KIMBELL ELEMENTARY,Total,Total,0,567,318,3,57,78,1023,TRUE
Elem,KINGSWOOD ELEMENTARY,Choice Total,Choice Total,3,42,30,0,18,27,120,TRUE
Elem,KINGSWOOD ELEMENTARY,"NeighborhoodTotal","NeighborhoodTotal",9,333,531,0,108,264,1245,TRUE
Elem,KINGSWOOD ELEMENTARY,Total,Total,12,375,561,0,126,291,1365,TRUE
Elem,KNIGHTS ELEMENTARY,Choice Total,Choice Total,3,3,66,0,15,141,228,TRUE
Elem,KNIGHTS ELEMENTARY,"ESE PlacedTotal","ESE PlacedTotal",0,0,0,0,0,3,3,TRUE
Elem,KNIGHTS ELEMENTARY,Magnet Total,Magnet Total,0,0,0,0,0,3,3,TRUE
Elem,KNIGHTS ELEMENTARY,"NeighborhoodTotal","NeighborhoodTotal",30,42,768,0,87,723,1650,TRUE
Elem,KNIGHTS ELEMENTARY,Total,Total,33,45,834,0,102,870,1884,TRUE
Elem,LAKE MAGDALENE ELEMENTARY,Choice Total,Choice Total,12,87,291,0,33,174,597,TRUE
Elem,LAKE MAGDALENE ELEMENTARY,"ESE CenterTotal","ESE CenterTotal",0,0,0,0,3,0,3,TRUE
Elem,LAKE MAGDALENE ELEMENTARY,"ESE PlacedTotal","ESE PlacedTotal",0,3,0,0,0,0,3,TRUE
Elem,LAKE MAGDALENE ELEMENTARY,"NeighborhoodTotal","NeighborhoodTotal",45,108,705,6,129,462,1455,TRUE
Elem,LAKE MAGDALENE ELEMENTARY,Total,Total,57,198,996,6,165,636,2058,TRUE
Elem,LAMB ELEMENTARY,Choice Total,Choice Total,0,24,21,0,9,6,60,TRUE
Elem,LAMB ELEMENTARY,"ESE PlacedTotal","ESE PlacedTotal",0,3,0,0,0,0,3,TRUE
Elem,LAMB ELEMENTARY,"NeighborhoodTotal","NeighborhoodTotal",33,726,612,3,147,114,1635,TRUE
Elem,LAMB ELEMENTARY,Total,Total,33,753,633,3,156,120,1698,TRUE
Elem,LANIER ELEMENTARY,Choice Total,Choice Total,9,36,66,0,60,36,207,TRUE
Elem,LANIER ELEMENTARY,"ESE PlacedTotal","ESE PlacedTotal",0,3,0,0,0,3,6,TRUE
Elem,LANIER ELEMENTARY,"NeighborhoodTotal","NeighborhoodTotal",27,135,273,0,93,318,846,TRUE
Elem,LANIER ELEMENTARY,Total,Total,36,174,339,0,153,357,1059,TRUE
Elem,LEWIS ELEMENTARY,Choice Total,Choice Total,3,177,123,0,30,84,417,TRUE
Elem,LEWIS ELEMENTARY,"ESE PlacedTotal","ESE PlacedTotal",0,0,0,0,3,0,3,TRUE
Elem,LEWIS ELEMENTARY,"NeighborhoodTotal","NeighborhoodTotal",51,462,333,0,96,240,1182,TRUE
Elem,LEWIS ELEMENTARY,Total,Total,54,639,456,0,129,324,1602,TRUE
Elem,LIMONA ELEMENTARY,"NeighborhoodTotal","NeighborhoodTotal",60,219,477,6,108,447,1317,TRUE
Elem,LIMONA ELEMENTARY,Total,Total,108,294,594,9,126,549,1680,TRUE
Elem,LINCOLN ELEMENTARY MAGNET,Magnet Total,Magnet Total,117,396,351,0,126,396,1386,TRUE
Elem,LINCOLN ELEMENTARY MAGNET,"NeighborhoodTotal","NeighborhoodTotal",0,84,42,0,0,21,147,TRUE
Elem,LITHIA SPRINGS ELEMENTARY,Choice Total,Choice Total,39,12,84,3,27,252,417,TRUE
Elem,LITHIA SPRINGS ELEMENTARY,"NeighborhoodTotal","NeighborhoodTotal",96,33,180,3,132,891,1335,TRUE
Elem,LITHIA SPRINGS ELEMENTARY,Total,Total,135,45,264,6,159,1143,1752,TRUE
Elem,LOCKHART ELEMENTARY MAGNET,Choice Total,Choice Total,0,3,0,0,0,0,3,TRUE
Elem,LOCKHART ELEMENTARY MAGNET,Magnet Total,Magnet Total,3,846,69,0,18,57,993,TRUE
Elem,LOCKHART ELEMENTARY MAGNET,Total,Total,3,1071,75,0,21,63,1233,TRUE
Elem,LOMAX ELEMENTARY MAGNET,Magnet Total,Magnet Total,24,615,78,0,21,12,750,TRUE
Elem,LOMAX ELEMENTARY MAGNET,"NeighborhoodTotal","NeighborhoodTotal",0,51,9,0,0,3,63,TRUE
Elem,LOMAX ELEMENTARY MAGNET,Total,Total,24,666,87,0,21,15,813,TRUE
Elem,LOPEZ ELEMENTARY,Choice Total,Choice Total,0,54,69,0,21,117,261,TRUE
Elem,LOPEZ ELEMENTARY,"ESE PlacedTotal","ESE PlacedTotal",0,0,0,0,3,0,3,TRUE
Elem,LOPEZ ELEMENTARY,Hope Sch Total,Hope Sch Total,0,3,3,0,3,6,15,TRUE
Elem,LOPEZ ELEMENTARY,"NeighborhoodTotal","NeighborhoodTotal",18,225,579,6,117,492,1437,TRUE
Elem,LOWRY ELEMENTARY,Choice Total,Choice Total,3,24,126,0,33,96,282,TRUE
Elem,LOWRY ELEMENTARY,"NeighborhoodTotal","NeighborhoodTotal",168,153,714,3,162,894,2094,TRUE
Elem,LOWRY ELEMENTARY,Total,Total,171,177,840,3,195,990,2376,TRUE
Elem,MABRY ELEMENTARY,Choice Total,Choice Total,0,6,18,0,9,93,126,TRUE
Elem,MABRY ELEMENTARY,"NeighborhoodTotal","NeighborhoodTotal",75,18,300,3,174,1815,2385,TRUE
Elem,MABRY ELEMENTARY,Total,Total,75,24,318,3,183,1908,2511,TRUE
Elem,MACFARLANE PARK ELEM MAGNET,"DistrictAssigned Total","DistrictAssigned Total",0,6,6,0,9,24,45,TRUE
Elem,MACFARLANE PARK ELEM MAGNET,Magnet Total,Magnet Total,90,102,342,9,165,315,1023,TRUE
Elem,MACFARLANE PARK ELEM MAGNET,"NeighborhoodTotal","NeighborhoodTotal",0,6,30,0,12,27,75,TRUE
Elem,MACFARLANE PARK ELEM MAGNET,Total,Total,90,114,378,9,186,366,1143,TRUE
Elem,MANGO ELEMENTARY,Choice Total,Choice Total,0,27,9,0,0,9,45,TRUE
Elem,MANGO ELEMENTARY,"NeighborhoodTotal","NeighborhoodTotal",48,798,882,0,120,297,2145,TRUE
Elem,MANGO ELEMENTARY,Total,Total,48,825,891,0,120,306,2190,TRUE
Elem,MCDONALD ELEMENTARY,Choice Total,Choice Total,0,6,3,0,0,21,30,TRUE
Elem,MCDONALD ELEMENTARY,Hope Sch Total,Hope Sch Total,0,0,0,0,0,6,6,TRUE
Elem,MCDONALD ELEMENTARY,"NeighborhoodTotal","NeighborhoodTotal",42,243,588,6,105,693,1677,TRUE
Elem,MCDONALD ELEMENTARY,Total,Total,42,249,591,6,105,720,1713,TRUE
Elem,MCKITRICK ELEMENTARY,Choice Total,Choice Total,33,27,114,3,51,192,420,TRUE
Elem,MCKITRICK ELEMENTARY,"NeighborhoodTotal","NeighborhoodTotal",402,39,480,3,207,1353,2484,TRUE
Elem,MCKITRICK ELEMENTARY,Total,Total,435,66,594,6,258,1545,2904,TRUE
Elem,MENDENHALL ELEMENTARY,Choice Total,Choice Total,0,18,183,0,15,30,246,TRUE
Elem,MENDENHALL ELEMENTARY,"ESE PlacedTotal","ESE PlacedTotal",0,0,3,0,0,0,3,TRUE
Elem,MENDENHALL ELEMENTARY,"NeighborhoodTotal","NeighborhoodTotal",15,81,1143,3,12,123,1377,TRUE
Elem,MENDENHALL ELEMENTARY,Total,Total,15,99,1329,3,27,153,1626,TRUE
Elem,MILES ELEMENTARY,Choice Total,Choice Total,0,6,3,0,0,3,12,TRUE
Elem,MILES ELEMENTARY,"NeighborhoodTotal","NeighborhoodTotal",9,564,1173,3,99,150,1998,TRUE
Elem,MILES ELEMENTARY,Total,Total,9,570,1176,3,99,153,2010,TRUE
Elem,MINTZ ELEMENTARY,Choice Total,Choice Total,12,90,165,0,81,102,450,TRUE
Elem,MINTZ ELEMENTARY,"ESE PlacedTotal","ESE PlacedTotal",0,0,0,0,0,6,6,TRUE
Elem,MINTZ ELEMENTARY,"NeighborhoodTotal","NeighborhoodTotal",60,474,768,3,207,339,1851,TRUE
Elem,MINTZ ELEMENTARY,Total,Total,72,564,933,3,288,447,2307,TRUE
Elem,MITCHELL ELEMENTARY,Choice Total,Choice Total,0,6,9,0,6,30,51,TRUE
Elem,MITCHELL ELEMENTARY,"NeighborhoodTotal","NeighborhoodTotal",87,78,513,0,195,1161,2034,TRUE
Elem,MITCHELL ELEMENTARY,Total,Total,87,84,522,0,201,1191,2085,TRUE
Elem,MORGAN WOODS ELEMENTARY,Choice Total,Choice Total,0,9,102,0,0,24,135,TRUE
Elem,MORGAN WOODS ELEMENTARY,"NeighborhoodTotal","NeighborhoodTotal",9,63,1104,0,30,141,1347,TRUE
Elem,MORGAN WOODS ELEMENTARY,Total,Total,9,72,1206,0,30,165,1482,TRUE
Elem,MORT ELEMENTARY,Choice Total,Choice Total,0,18,9,0,9,3,39,TRUE
Elem,MORT ELEMENTARY,"NeighborhoodTotal","NeighborhoodTotal",21,387,1503,0,129,123,2163,TRUE
Elem,MORT ELEMENTARY,Total,Total,21,405,1512,0,138,126,2202,TRUE
Elem,MULLER ELEMENTARY MAGNET,Magnet Total,Magnet Total,45,420,519,0,99,126,1209,TRUE
Elem,MULLER ELEMENTARY MAGNET,"NeighborhoodTotal","NeighborhoodTotal",3,12,72,0,6,6,99,TRUE
Elem,MULLER ELEMENTARY MAGNET,Total,Total,48,432,591,0,105,132,1308,TRUE
Elem,NELSON ELEMENTARY,Choice Total,Choice Total,0,12,30,0,6,72,120,TRUE
Elem,NELSON ELEMENTARY,Hope Sch Total,Hope Sch Total,0,0,3,0,0,0,3,TRUE
Elem,NELSON ELEMENTARY,"NeighborhoodTotal","NeighborhoodTotal",87,273,672,0,165,720,1917,TRUE
Elem,NELSON ELEMENTARY,Total,Total,87,285,705,0,171,792,2040,TRUE
Elem,NORTHWEST ELEMENTARY,Choice Total,Choice Total,21,24,117,0,30,177,369,TRUE
Elem,NORTHWEST ELEMENTARY,"ESE PlacedTotal","ESE PlacedTotal",0,0,0,0,3,6,9,TRUE
Elem,NORTHWEST ELEMENTARY,Hope Sch Total,Hope Sch Total,0,0,0,0,0,3,3,TRUE
Elem,NORTHWEST ELEMENTARY,"NeighborhoodTotal","NeighborhoodTotal",96,51,690,3,150,708,1698,TRUE
Elem,NORTHWEST ELEMENTARY,Total,Total,117,75,807,3,183,894,2079,TRUE
Elem,OAK GROVE ELEMENTARY,Choice Total,Choice Total,0,21,120,0,15,48,204,TRUE
Elem,OAK GROVE ELEMENTARY,"NeighborhoodTotal","NeighborhoodTotal",12,201,1566,6,78,402,2265,TRUE
Elem,OAK GROVE ELEMENTARY,Total,Total,12,222,1686,6,93,450,2469,TRUE
Elem,OAK PARK ELEMENTARY,Choice Total,Choice Total,0,21,0,0,3,0,24,TRUE
Elem,OAK PARK ELEMENTARY,"NeighborhoodTotal","NeighborhoodTotal",3,714,159,0,57,51,984,TRUE
Elem,OAK PARK ELEMENTARY,Total,Total,3,735,159,0,60,51,1008,TRUE
Elem,PALM RIVER ELEMENTARY,Choice Total,Choice Total,0,54,63,0,9,30,156,TRUE
Elem,PALM RIVER ELEMENTARY,"ESE PlacedTotal","ESE PlacedTotal",0,0,3,0,0,0,3,TRUE
Elem,PALM RIVER ELEMENTARY,"NeighborhoodTotal","NeighborhoodTotal",0,375,555,0,36,135,1101,TRUE
Elem,PALM RIVER ELEMENTARY,Total,Total,0,429,621,0,45,165,1260,TRUE
Elem,PINECREST ELEMENTARY,Choice Total,Choice Total,0,0,6,0,0,45,51,TRUE
Elem,PINECREST ELEMENTARY,"NeighborhoodTotal","NeighborhoodTotal",15,60,468,3,87,1059,1692,TRUE
Elem,PINECREST ELEMENTARY,Total,Total,15,60,474,3,87,1104,1743,TRUE
Elem,POTTER ELEMENTARY,Choice Total,Choice Total,0,27,0,3,3,0,33,TRUE
Elem,POTTER ELEMENTARY,"NeighborhoodTotal","NeighborhoodTotal",0,1083,216,3,42,48,1392,TRUE
Elem,POTTER ELEMENTARY,Total,Total,0,1110,216,6,45,48,1425,TRUE
Elem,PRIDE ELEMENTARY,Choice Total,Choice Total,75,27,54,3,9,75,243,TRUE
Elem,PRIDE ELEMENTARY,"NeighborhoodTotal","NeighborhoodTotal",1326,348,252,57,183,573,2739,TRUE
Elem,PRIDE ELEMENTARY,Total,Total,1401,375,306,60,192,648,2982,TRUE
Elem,REDDICK ELEMENTARY,Choice Total,Choice Total,0,9,69,0,12,24,114,TRUE
Elem,REDDICK ELEMENTARY,"ESE PlacedTotal","ESE PlacedTotal",0,0,3,0,0,3,6,TRUE
Elem,REDDICK ELEMENTARY,"NeighborhoodTotal","NeighborhoodTotal",21,324,1740,0,75,249,2409,TRUE
Elem,REDDICK ELEMENTARY,Total,Total,21,333,1812,0,87,276,2529,TRUE
Elem,RIVERHILLS ELEMENTARY MAGNET,"ESE CenterTotal","ESE CenterTotal",0,0,0,0,0,3,3,TRUE
Elem,RIVERHILLS ELEMENTARY MAGNET,"ESE PlacedTotal","ESE PlacedTotal",0,3,3,0,3,0,9,TRUE
Elem,RIVERHILLS ELEMENTARY MAGNET,Magnet Total,Magnet Total,75,630,291,0,147,345,1488,TRUE
Elem,RIVERHILLS ELEMENTARY MAGNET,"NeighborhoodTotal","NeighborhoodTotal",6,12,27,0,12,18,75,TRUE
Elem,RIVERHILLS ELEMENTARY MAGNET,Total,Total,81,645,321,0,162,366,1575,TRUE
Elem,RIVERVIEW ELEMENTARY,Choice Total,Choice Total,3,99,144,0,24,180,450,TRUE
Elem,RIVERVIEW ELEMENTARY,"ESE PlacedTotal","ESE PlacedTotal",0,0,6,0,0,0,6,TRUE
Elem,RIVERVIEW ELEMENTARY,"NeighborhoodTotal","NeighborhoodTotal",24,222,453,0,111,327,1137,TRUE
Elem,RIVERVIEW ELEMENTARY,Total,Total,27,321,603,0,135,507,1593,TRUE
Elem,ROBINSON ELEMENTARY,"NeighborhoodTotal","NeighborhoodTotal",0,81,1002,0,27,390,1500,TRUE
Elem,ROBINSON ELEMENTARY,Total,Total,0,99,1041,0,33,459,1632,TRUE
Elem,ROBLES ELEMENTARY,Choice Total,Choice Total,0,15,0,0,0,3,18,TRUE
Elem,ROBLES ELEMENTARY,"NeighborhoodTotal","NeighborhoodTotal",30,1224,360,6,66,111,1797,TRUE
Elem,ROBLES ELEMENTARY,Total,Total,30,1239,360,6,66,114,1815,TRUE
Elem,ROOSEVELT ELEMENTARY,Choice Total,Choice Total,0,0,6,0,3,24,33,TRUE
Elem,ROOSEVELT ELEMENTARY,"ESE PlacedTotal","ESE PlacedTotal",3,0,0,0,0,0,3,TRUE
Elem,ROOSEVELT ELEMENTARY,"NeighborhoodTotal","NeighborhoodTotal",78,21,288,0,162,1491,2040,TRUE
Elem,ROOSEVELT ELEMENTARY,Total,Total,81,21,294,0,165,1515,2076,TRUE
Elem,RUSKIN ELEMENTARY,Choice Total,Choice Total,0,12,9,0,12,15,48,TRUE
Elem,RUSKIN ELEMENTARY,"NeighborhoodTotal","NeighborhoodTotal",12,459,1425,0,105,321,2322,TRUE
Elem,RUSKIN ELEMENTARY,Total,Total,12,471,1434,0,117,336,2370,TRUE
Elem,SCHMIDT ELEMENTARY,Choice Total,Choice Total,0,63,57,0,15,36,171,TRUE
Elem,SCHMIDT ELEMENTARY,"ESE PlacedTotal","ESE PlacedTotal",0,3,0,0,0,0,3,TRUE
Elem,SCHMIDT ELEMENTARY,"NeighborhoodTotal","NeighborhoodTotal",24,522,588,3,126,192,1455,TRUE
Elem,SCHMIDT ELEMENTARY,Total,Total,24,588,645,3,141,228,1629,TRUE
Elem,SCHWARZKOPF ELEMENTARY,Choice Total,Choice Total,12,21,90,0,21,123,267,TRUE
Elem,SCHWARZKOPF ELEMENTARY,"ESE PlacedTotal","ESE PlacedTotal",0,0,3,0,0,0,3,TRUE
Elem,SCHWARZKOPF ELEMENTARY,"NeighborhoodTotal","NeighborhoodTotal",111,69,522,0,141,603,1446,TRUE
Elem,SCHWARZKOPF ELEMENTARY,Total,Total,123,90,615,0,162,726,1716,TRUE
Elem,SEFFNER ELEMENTARY,Choice Total,Choice Total,3,18,30,0,24,42,117,TRUE
Elem,SEFFNER ELEMENTARY,"NeighborhoodTotal","NeighborhoodTotal",30,114,474,0,48,294,960,TRUE
Elem,SEFFNER ELEMENTARY,Total,Total,33,132,504,0,72,336,1077,TRUE
Elem,SEMINOLE HEIGHTS ELEMENTARY,Choice Total,Choice Total,0,141,123,0,42,174,480,TRUE
Elem,SEMINOLE HEIGHTS ELEMENTARY,"ESE PlacedTotal","ESE PlacedTotal",0,3,3,0,0,0,6,TRUE
Elem,SEMINOLE HEIGHTS ELEMENTARY,Hope Sch Total,Hope Sch Total,0,3,3,0,0,0,6,TRUE
Elem,SEMINOLE HEIGHTS ELEMENTARY,"NeighborhoodTotal","NeighborhoodTotal",15,147,180,0,36,180,558,TRUE
Elem,SEMINOLE HEIGHTS ELEMENTARY,Total,Total,15,294,309,0,78,354,1050,TRUE
Elem,SESSUMS ELEMENTARY,Choice Total,Choice Total,3,9,21,0,12,63,108,TRUE
Elem,SESSUMS ELEMENTARY,"NeighborhoodTotal","NeighborhoodTotal",117,642,921,3,288,747,2718,TRUE
Elem,SESSUMS ELEMENTARY,Total,Total,120,651,942,3,300,810,2826,TRUE
Elem,SHAW ELEMENTARY,Choice Total,Choice Total,0,45,12,0,3,3,63,TRUE
Elem,SHAW ELEMENTARY,"NeighborhoodTotal","NeighborhoodTotal",18,708,1026,6,75,84,1917,TRUE
Elem,SHAW ELEMENTARY,Total,Total,18,753,1038,6,78,87,1980,TRUE
Elem,SHEEHY ELEMENTARY,Choice Total,Choice Total,0,165,18,0,6,0,189,TRUE
Elem,SHEEHY ELEMENTARY,Hope Sch Total,Hope Sch Total,0,12,0,0,0,0,12,TRUE
Elem,SHEEHY ELEMENTARY,"NeighborhoodTotal","NeighborhoodTotal",6,729,204,3,15,18,975,TRUE
Elem,SHEEHY ELEMENTARY,Total,Total,6,906,222,3,21,18,1176,TRUE
Elem,SHORE ELEMENTARY,Magnet Total,Magnet Total,0,468,198,0,114,84,864,TRUE
Elem,SHORE ELEMENTARY,"NeighborhoodTotal","NeighborhoodTotal",0,54,36,0,12,24,126,TRUE
Elem,SHORE ELEMENTARY,Total,Total,0,522,234,0,126,108,990,TRUE
Elem,SLAM ACADEMY TAMPA ELEMENTARY,Charter Total,Charter Total,6,93,441,0,42,75,657,TRUE
Elem,SLAM ACADEMY TAMPA ELEMENTARY,"NeighborhoodTotal","NeighborhoodTotal",0,0,6,0,0,0,6,TRUE
Elem,SLAM ACADEMY TAMPA ELEMENTARY,Total,Total,6,93,447,0,42,75,663,TRUE
Elem,SPRINGHEAD ELEMENTARY,Choice Total,Choice Total,0,30,63,0,12,96,201,TRUE
Elem,SPRINGHEAD ELEMENTARY,Hope Sch Total,Hope Sch Total,0,0,3,0,0,0,3,TRUE
Elem,SPRINGHEAD ELEMENTARY,"NeighborhoodTotal","NeighborhoodTotal",9,72,1197,3,102,558,1941,TRUE
Elem,SPRINGHEAD ELEMENTARY,Total,Total,9,102,1263,3,114,654,2145,TRUE
Elem,STOWERS ELEMENTARY,Choice Total,Choice Total,42,15,48,0,51,180,336,TRUE
Elem,STOWERS ELEMENTARY,"NeighborhoodTotal","NeighborhoodTotal",258,63,462,18,192,1458,2451,TRUE
Elem,STOWERS ELEMENTARY,Total,Total,300,78,510,18,243,1638,2787,TRUE
Elem,SULLIVAN PARTNERSHIP ELEM,Choice Total,Choice Total,0,27,12,0,3,9,51,TRUE
Elem,SULLIVAN PARTNERSHIP ELEM,"NeighborhoodTotal","NeighborhoodTotal",0,120,30,0,6,24,180,TRUE
Elem,SULLIVAN PARTNERSHIP ELEM,Total,Total,0,147,42,0,9,33,231,TRUE
Elem,SUMMERFIELD CROSSINGS ELEM,Choice Total,Choice Total,3,24,39,0,6,30,102,TRUE
Elem,SUMMERFIELD CROSSINGS ELEM,"ESE PlacedTotal","ESE PlacedTotal",0,0,0,0,0,3,3,TRUE
Elem,SUMMERFIELD CROSSINGS ELEM,"NeighborhoodTotal","NeighborhoodTotal",69,882,909,15,273,537,2685,TRUE
Elem,SUMMERFIELD CROSSINGS ELEM,Total,Total,72,906,948,15,279,570,2790,TRUE
Elem,SUMMERFIELD ELEMENTARY,Choice Total,Choice Total,3,33,108,0,33,93,270,TRUE
Elem,SUMMERFIELD ELEMENTARY,"ESE PlacedTotal","ESE PlacedTotal",0,0,0,0,0,6,6,TRUE
Elem,SUMMERFIELD ELEMENTARY,"NeighborhoodTotal","NeighborhoodTotal",84,450,900,0,195,591,2220,TRUE
Elem,SUMMERFIELD ELEMENTARY,Total,Total,87,483,1008,0,228,690,2496,TRUE
Elem,SYMMES ELEMENTARY,Choice Total,Choice Total,0,45,78,0,30,81,234,TRUE
Elem,SYMMES ELEMENTARY,"NeighborhoodTotal","NeighborhoodTotal",33,240,345,0,135,351,1104,TRUE
Elem,SYMMES ELEMENTARY,Total,Total,33,285,423,0,165,432,1338,TRUE
Elem,TAMPA BAY BOULEVARD ELEMENTARY,"NeighborhoodTotal","NeighborhoodTotal",15,513,1068,0,60,81,1737,TRUE
Elem,TAMPA BAY BOULEVARD ELEMENTARY,Total,Total,15,555,1158,0,66,93,1887,TRUE
Elem,TAMPA HEIGHTS ELEM MAGNET,Magnet Total,Magnet Total,0,540,72,0,63,60,735,TRUE
Elem,TAMPA HEIGHTS ELEM MAGNET,"NeighborhoodTotal","NeighborhoodTotal",3,75,42,0,6,12,138,TRUE
Elem,TAMPA HEIGHTS ELEM MAGNET,Total,Total,3,615,114,0,69,72,873,TRUE
Elem,TAMPA PALMS ELEMENTARY,Choice Total,Choice Total,45,66,39,0,24,99,273,TRUE
Elem,TAMPA PALMS ELEMENTARY,Hope Sch Total,Hope Sch Total,3,0,0,0,0,0,3,TRUE
Elem,TAMPA PALMS ELEMENTARY,"NeighborhoodTotal","NeighborhoodTotal",549,447,375,6,141,453,1971,TRUE
Elem,TAMPA PALMS ELEMENTARY,Total,Total,597,513,414,6,165,552,2247,TRUE
Elem,TEMPLE TERRACE ELEMENTARY,Choice Total,Choice Total,0,186,27,0,18,33,264,TRUE
Elem,TEMPLE TERRACE ELEMENTARY,Hope Sch Total,Hope Sch Total,0,0,6,0,0,0,6,TRUE
Elem,TEMPLE TERRACE ELEMENTARY,"NeighborhoodTotal","NeighborhoodTotal",30,651,324,0,72,177,1254,TRUE
Elem,TEMPLE TERRACE ELEMENTARY,Total,Total,30,837,357,0,90,210,1524,TRUE
Elem,THE COLLABORATORY PREP ACADEMY,Charter Total,Charter Total,3,96,24,0,24,0,147,TRUE
Elem,THE COLLABORATORY PREP ACADEMY,Total,Total,3,96,24,0,24,0,147,TRUE
Elem,THOMPSON ELEMENTARY,Choice Total,Choice Total,0,36,36,0,9,27,108,TRUE
Elem,THOMPSON ELEMENTARY,"ESE PlacedTotal","ESE PlacedTotal",0,0,3,0,0,0,3,TRUE
Elem,THOMPSON ELEMENTARY,Hope Sch Total,Hope Sch Total,0,0,0,0,0,3,3,TRUE
Elem,THOMPSON ELEMENTARY,"NeighborhoodTotal","NeighborhoodTotal",18,600,1104,3,102,312,2139,TRUE
Elem,THOMPSON ELEMENTARY,Total,Total,18,636,1143,3,111,342,2253,TRUE
Elem,THONOTOSASSA ELEMENTARY,Choice Total,Choice Total,3,33,15,0,3,36,90,TRUE
Elem,THONOTOSASSA ELEMENTARY,Hope Sch Total,Hope Sch Total,0,0,0,0,0,3,3,TRUE
Elem,THONOTOSASSA ELEMENTARY,"NeighborhoodTotal","NeighborhoodTotal",15,285,327,6,102,405,1140,TRUE
Elem,THONOTOSASSA ELEMENTARY,Total,Total,18,318,342,6,105,444,1233,TRUE
Elem,TOWN AND COUNTRY ELEMENTARY,Choice Total,Choice Total,0,21,93,0,3,24,141,TRUE
Elem,TOWN AND COUNTRY ELEMENTARY,"ESE PlacedTotal","ESE PlacedTotal",0,0,6,0,0,0,6,TRUE
Elem,TOWN AND COUNTRY ELEMENTARY,Hope Sch Total,Hope Sch Total,0,3,0,0,0,0,3,TRUE
Elem,TOWN AND COUNTRY ELEMENTARY,"NeighborhoodTotal","NeighborhoodTotal",12,60,897,0,42,39,1050,TRUE
Elem,TOWN AND COUNTRY ELEMENTARY,Total,Total,12,84,996,0,45,63,1200,TRUE
Elem,TRAPNELL ELEMENTARY,Choice Total,Choice Total,0,6,15,0,6,9,36,TRUE
Elem,TRAPNELL ELEMENTARY,"NeighborhoodTotal","NeighborhoodTotal",33,180,921,0,27,198,1359,TRUE
Elem,TRAPNELL ELEMENTARY,Total,Total,33,186,936,0,33,207,1395,TRUE
Elem,TWIN LAKES ELEMENTARY,Choice Total,Choice Total,0,21,126,0,9,6,162,TRUE
Elem,TWIN LAKES ELEMENTARY,"NeighborhoodTotal","NeighborhoodTotal",18,210,1125,0,69,84,1506,TRUE
Elem,TWIN LAKES ELEMENTARY,Total,Total,18,231,1251,0,78,90,1668,TRUE
Elem,VALRICO ELEMENTARY,Choice Total,Choice Total,18,54,177,0,15,213,477,TRUE
Elem,VALRICO ELEMENTARY,Hope Sch Total,Hope Sch Total,0,0,3,0,0,0,3,TRUE
Elem,VALRICO ELEMENTARY,"NeighborhoodTotal","NeighborhoodTotal",54,222,567,3,138,759,1743,TRUE
Elem,VALRICO ELEMENTARY,Total,Total,72,276,747,3,153,972,2223,TRUE
Elem,VALRICO LAKE ADVANTAGE ACAD,Charter Total,Charter Total,603,411,789,45,123,813,2784,TRUE
Elem,VALRICO LAKE ADVANTAGE ACAD,Total,Total,603,411,789,45,123,813,2784,TRUE
Elem,VICTORY CHARTER SCHOOL TAMPA,Charter Total,Charter Total,30,45,378,3,45,159,660,TRUE
Elem,VILLAGE OF EXCELLENCE,Charter Total,Charter Total,6,252,36,0,6,15,315,TRUE
Elem,VILLAGE OF EXCELLENCE,Total,Total,6,252,36,0,6,15,315,TRUE
Elem,WALDEN LAKE ELEMENTARY,Choice Total,Choice Total,9,27,126,0,27,369,558,TRUE
Elem,WALDEN LAKE ELEMENTARY,Total,Total,51,168,807,3,120,1401,2550,TRUE
Elem,WALTON ACADEMY,Charter Total,Charter Total,6,381,21,0,30,3,441,TRUE
Elem,WALTON ACADEMY,Total,Total,6,381,21,0,30,3,441,TRUE
Elem,WASHINGTON ELEMENTARY,Choice Total,Choice Total,0,90,3,0,3,0,96,TRUE
Elem,WASHINGTON ELEMENTARY,"NeighborhoodTotal","NeighborhoodTotal",18,501,315,3,42,45,924,TRUE
Elem,WASHINGTON ELEMENTARY,Total,Total,18,591,318,3,45,45,1020,TRUE
Elem,WEST SHORE ELEMENTARY,Choice Total,Choice Total,0,6,6,0,3,3,18,TRUE
Elem,WEST SHORE ELEMENTARY,"NeighborhoodTotal","NeighborhoodTotal",30,333,261,0,150,279,1053,TRUE
Elem,WEST SHORE ELEMENTARY,Total,Total,30,339,267,0,153,282,1071,TRUE
Elem,WEST TAMPA ELEMENTARY,Choice Total,Choice Total,6,96,72,0,3,6,183,TRUE
Elem,WEST TAMPA ELEMENTARY,Hope Sch Total,Hope Sch Total,0,6,0,0,0,0,6,TRUE
Elem,WEST TAMPA ELEMENTARY,"NeighborhoodTotal","NeighborhoodTotal",54,315,615,3,51,33,1071,TRUE
Elem,WEST TAMPA ELEMENTARY,Total,Total,60,417,687,3,54,39,1260,TRUE
Elem,WESTCHASE ELEMENTARY,Choice Total,Choice Total,18,3,147,0,48,189,405,TRUE
Elem,WESTCHASE ELEMENTARY,"NeighborhoodTotal","NeighborhoodTotal",255,63,543,3,162,1260,2286,TRUE
Elem,WESTCHASE ELEMENTARY,Total,Total,273,66,690,3,210,1449,2691,TRUE
Elem,WILSON ELEMENTARY,Choice Total,Choice Total,0,12,114,0,3,51,180,TRUE
Elem,WILSON ELEMENTARY,Hope Sch Total,Hope Sch Total,0,0,0,0,0,3,3,TRUE
Elem,WILSON ELEMENTARY,Magnet Total,Magnet Total,0,0,3,0,0,0,3,TRUE
Elem,WILSON ELEMENTARY,"NeighborhoodTotal","NeighborhoodTotal",9,54,417,0,30,186,696,TRUE
Elem,WIMAUMA ELEMENTARY,Choice Total,Choice Total,0,9,6,0,0,6,21,TRUE
Elem,WIMAUMA ELEMENTARY,"NeighborhoodTotal","NeighborhoodTotal",3,150,1275,0,18,171,1617,TRUE
Elem,WIMAUMA ELEMENTARY,Total,Total,3,159,1281,0,18,177,1638,TRUE
Elem,WITTER ELEMENTARY,Choice Total,Choice Total,0,69,27,0,15,6,117,TRUE
Elem,WITTER ELEMENTARY,"NeighborhoodTotal","NeighborhoodTotal",24,693,549,6,84,60,1416,TRUE
Elem,WITTER ELEMENTARY,Total,Total,24,762,576,6,99,66,1533,TRUE
Elem,WOODBRIDGE ELEMENTARY,Choice Total,Choice Total,9,9,165,3,18,18,222,TRUE
Elem,WOODBRIDGE ELEMENTARY,"NeighborhoodTotal","NeighborhoodTotal",27,129,1392,0,96,138,1782,TRUE
Elem,WOODBRIDGE ELEMENTARY,Total,Total,36,138,1557,3,114,156,2004,TRUE
Elem,YATES ELEMENTARY,Choice Total,Choice Total,0,24,69,0,9,45,147,TRUE
Elem,YATES ELEMENTARY,"ESE PlacedTotal","ESE PlacedTotal",0,0,0,0,3,3,6,TRUE
Elem,YATES ELEMENTARY,"NeighborhoodTotal","NeighborhoodTotal",30,393,813,12,132,318,1698,TRUE
Elem,YATES ELEMENTARY,Total,Total,30,417,882,12,144,366,1851,TRUE
K-8,ADVANTAGE ACADEMY OF HILLSBOROUGH,Charter Total,Charter Total,6,72,660,3,30,144,915,TRUE
K-8,ADVANTAGE ACADEMY OF HILLSBOROUGH,Total,Total,6,72,660,3,30,144,915,TRUE
K-8,BIG BEND ACADEMY MATH & SCIENCE,Charter Total,Charter Total,6,12,15,0,6,18,57,TRUE
K-8,BIG BEND ACADEMY MATH & SCIENCE,Total,Total,6,12,15,0,6,18,57,TRUE
K-8,BRIDGEPREP ACADEMY OF RIVERVIEW,Charter Total,Charter Total,15,852,1077,9,213,234,2400,TRUE
K-8,BRIDGEPREP ACADEMY OF RIVERVIEW,Total,Total,15,852,1077,9,213,234,2400,TRUE
K-8,BRIDGEPREP ACADEMY OF TAMPA,Charter Total,Charter Total,0,177,327,0,36,87,627,TRUE
K-8,BRIDGEPREP ACADEMY OF TAMPA,Total,Total,0,177,327,0,36,87,627,TRUE
K-8,CARROLLWOOD K-8 SCHOOL,Choice Total,Choice Total,24,45,189,0,69,225,552,TRUE
K-8,CARROLLWOOD K-8 SCHOOL,"NeighborhoodTotal","NeighborhoodTotal",27,102,588,0,75,606,1398,TRUE
K-8,CARROLLWOOD K-8 SCHOOL,Total,Total,51,147,777,0,144,831,1950,TRUE
K-8,CHANNELSIDE ACAD MATH AND SCI,Charter Total,Charter Total,3,306,237,0,24,150,720,TRUE
K-8,CHANNELSIDE ACAD MATH AND SCI,Total,Total,3,306,237,0,24,150,720,TRUE
K-8,COLLINS PK-8 SCHOOL,Choice Total,Choice Total,0,75,66,0,24,165,330,TRUE
K-8,COLLINS PK-8 SCHOOL,"ESE PlacedTotal","ESE PlacedTotal",0,3,0,0,0,0,3,TRUE
K-8,COLLINS PK-8 SCHOOL,"NeighborhoodTotal","NeighborhoodTotal",72,681,750,9,261,1077,2850,TRUE
K-8,COLLINS PK-8 SCHOOL,Total,Total,72,759,816,9,285,1242,0,TRUE
K-8,CREEKSIDE CHARTER ACADEMY,Charter Total,Charter Total,39,525,522,3,123,294,1506,TRUE
K-8,CREEKSIDE CHARTER ACADEMY,Total,Total,39,525,522,3,123,294,1506,TRUE
K-8,HENDERSON HAMMOCK CHARTER SCH,Charter Total,Charter Total,39,78,1842,3,48,126,2136,TRUE
K-8,HENDERSON HAMMOCK CHARTER SCH,"NeighborhoodTotal","NeighborhoodTotal",0,0,3,0,0,0,3,TRUE
K-8,HENDERSON HAMMOCK CHARTER SCH,Total,Total,39,78,1845,3,48,126,2139,TRUE
K-8,HILLSBOROUGH ACAD MATH SCIENCE,Charter Total,Charter Total,63,87,1188,3,54,261,1656,TRUE
K-8,HILLSBOROUGH ACAD MATH SCIENCE,Total,Total,63,87,1188,3,54,261,1656,TRUE
K-8,HORIZON CHARTER SCH OF TAMPA,Charter Total,Charter Total,84,21,408,6,30,87,636,TRUE
K-8,HORIZON CHARTER SCH OF TAMPA,Total,Total,84,21,408,6,30,87,636,TRUE
K-8,INDEPENDENCE ACADEMY,Charter Total,Charter Total,54,102,489,9,57,1011,1722,TRUE
K-8,INDEPENDENCE ACADEMY,Total,Total,54,102,489,9,57,1011,1722,TRUE
K-8,KIDS COMMU COLLEGE SOUTHEAST,Charter Total,Charter Total,81,300,249,12,45,135,822,TRUE
K-8,KIDS COMMU COLLEGE SOUTHEAST,Total,Total,81,300,249,12,45,135,822,TRUE
K-8,LEARNING GATE COMMUNITY,Charter Total,Charter Total,30,36,312,0,165,945,1488,TRUE
K-8,LEARNING GATE COMMUNITY,Total,Total,30,36,312,0,165,945,1488,TRUE
K-8,LEGACY PREPARATORY ACADEMY,Charter Total,Charter Total,0,135,54,0,12,6,207,TRUE
K-8,LEGACY PREPARATORY ACADEMY,"NeighborhoodTotal","NeighborhoodTotal",0,0,0,0,0,3,3,TRUE
K-8,LEGACY PREPARATORY ACADEMY,Total,Total,0,135,54,0,12,9,210,TRUE
K-8,LITERACY LEADERSHIP TECH ACAD,Charter Total,Charter Total,6,108,309,0,93,270,786,TRUE
K-8,LITERACY LEADERSHIP TECH ACAD,Total,Total,6,108,309,0,93,270,786,TRUE
K-8,LITERACY LEADERSHIP TECH SOUTH BAY,Charter Total,Charter Total,24,303,447,0,111,474,1359,TRUE
K-8,LITERACY LEADERSHIP TECH SOUTH BAY,Total,Total,24,303,447,0,111,474,1359,TRUE
K-8,LUTZ K-8 SCHOOL,Choice Total,Choice Total,0,18,87,0,9,144,258,TRUE
K-8,LUTZ K-8 SCHOOL,"ESE PlacedTotal","ESE PlacedTotal",0,0,3,0,0,0,3,TRUE
K-8,LUTZ K-8 SCHOOL,"NeighborhoodTotal","NeighborhoodTotal",24,57,417,0,60,801,1359,TRUE
K-8,LUTZ K-8 SCHOOL,Total,Total,24,75,507,0,69,945,1620,TRUE
K-8,LUTZ PREPARATORY SCHOOL,Charter Total,Charter Total,147,69,276,3,135,933,1563,TRUE
K-8,LUTZ PREPARATORY SCHOOL,Total,Total,147,69,276,3,135,933,1563,TRUE
K-8,MANISCALCO K-8 SCHOOL,Choice Total,Choice Total,9,36,105,0,3,99,252,TRUE
K-8,MANISCALCO K-8 SCHOOL,"NeighborhoodTotal","NeighborhoodTotal",30,117,492,0,84,480,1203,TRUE
K-8,MANISCALCO K-8 SCHOOL,Total,Total,39,153,597,0,87,579,1455,TRUE
K-8,NAVIGATOR ACADEMY OF LEADERSHI,Charter Total,Charter Total,156,318,738,15,120,663,2010,TRUE
K-8,NAVIGATOR ACADEMY OF LEADERSHI,Total,Total,156,318,738,15,120,663,2010,TRUE
K-8,NEW SPRINGS SCHOOL,Charter Total,Charter Total,15,282,267,0,27,126,717,TRUE
K-8,NEW SPRINGS SCHOOL,Total,Total,15,282,267,0,27,126,717,TRUE
K-8,PIZZO K-8 SCHOOL,Choice Total,Choice Total,0,54,51,0,9,6,120,TRUE
K-8,PIZZO K-8 SCHOOL,"ESE PlacedTotal","ESE PlacedTotal",0,0,0,0,0,3,3,TRUE
K-8,PIZZO K-8 SCHOOL,"NeighborhoodTotal","NeighborhoodTotal",51,855,972,0,120,153,2151,TRUE
K-8,PIZZO K-8 SCHOOL,Total,Total,51,909,1023,0,129,162,2274,TRUE
K-8,PLATO ACADEMY TAMPA CHARTER SCH,Charter Total,Charter Total,84,54,300,0,90,378,906,TRUE
K-8,PLATO ACADEMY TAMPA CHARTER SCH,Total,Total,84,54,300,0,90,378,906,TRUE
K-8,RAMPELLO K-8,Magnet Total,Magnet Total,12,384,330,3,123,555,1407,TRUE
K-8,RAMPELLO K-8,"NeighborhoodTotal","NeighborhoodTotal",6,6,6,0,3,12,33,TRUE
K-8,RAMPELLO K-8,Total,Total,18,390,336,3,126,567,1440,TRUE
K-8,RCMA WIMAUMA COMMUNITY ACADEMY,Charter Total,Charter Total,0,0,717,0,0,0,717,TRUE
K-8,RCMA WIMAUMA COMMUNITY ACADEMY,Total,Total,0,0,717,0,0,0,717,TRUE
K-8,RIVERVIEW ACADEMY OF MATH SCI,Total,Total,159,537,705,15,96,486,1998,TRUE
K-8,ROLAND PARK K-8 MAGNET,Magnet Total,Magnet Total,102,252,357,9,234,630,1584,TRUE
K-8,ROLAND PARK K-8 MAGNET,"NeighborhoodTotal","NeighborhoodTotal",6,0,3,0,3,9,21,TRUE
K-8,SOUTHSHORE CHARTER ACADEMY,Charter Total,Charter Total,60,663,846,6,189,486,2250,TRUE
K-8,SOUTHSHORE CHARTER ACADEMY,Total,Total,60,663,846,6,189,486,2250,TRUE
K-8,SULPHUR SPRINGS K-8,Choice Total,Choice Total,0,21,9,0,0,6,36,TRUE
K-8,SULPHUR SPRINGS K-8,"NeighborhoodTotal","NeighborhoodTotal",6,903,342,0,51,69,1371,TRUE
K-8,SULPHUR SPRINGS K-8,Total,Total,6,924,351,0,51,75,1407,TRUE
K-8,SUNLAKE ACAD OF MATH & SCIENCE,Charter Total,Charter Total,252,120,726,12,72,819,2001,TRUE
K-8,SUNLAKE ACAD OF MATH & SCIENCE,Total,Total,252,120,726,12,72,819,2001,TRUE
K-8,TINKER K-8 SCHOOL,Choice Total,Choice Total,0,0,0,0,6,12,18,TRUE
K-8,TINKER K-8 SCHOOL,"NeighborhoodTotal","NeighborhoodTotal",27,108,240,3,186,723,1287,TRUE
K-8,TINKER K-8 SCHOOL,Total,Total,27,108,240,3,192,735,1305,TRUE
K-8,TRINITY SCHOOL FOR CHILDREN,Charter Total,Charter Total,30,93,771,3,108,786,1791,TRUE
K-8,TRINITY SCHOOL FOR CHILDREN,Total,Total,30,93,771,3,108,786,1791,TRUE
K-8,TURNER BARTELS K-8,Choice Total,Choice Total,6,123,66,0,33,69,297,TRUE
K-8,TURNER BARTELS K-8,Magnet Total,Magnet Total,0,0,0,0,0,3,3,TRUE
K-8,TURNER BARTELS K-8,"NeighborhoodTotal","NeighborhoodTotal",351,417,408,9,225,729,2139,TRUE
K-8,TURNER BARTELS K-8,Total,Total,357,540,474,9,258,801,2439,TRUE
K-8,WATERSET CHARTER SCHOOL,Charter Total,Charter Total,54,480,735,0,219,840,2328,TRUE
K-8,WATERSET CHARTER SCHOOL,Total,Total,54,480,735,0,219,840,2328,TRUE
K-8,WINTHROP CHARTER SCHOOL,Total,Total,276,549,822,15,255,753,2670,TRUE
K-8,WOODMONT CHARTER SCHOOL,Charter Total,Charter Total,15,894,273,0,84,60,1326,TRUE
K-8,WOODMONT CHARTER SCHOOL,Total,Total,15,894,273,0,84,60,1326,TRUE
K-8,WOODSON K-8,Choice Total,Choice Total,0,93,27,0,3,6,129,TRUE
K-8,WOODSON K-8,"NeighborhoodTotal","NeighborhoodTotal",12,609,705,0,63,96,1485,TRUE
K-8,YORK PK-8 MAGNET SCHOOL,Choice Total,Choice Total,0,3,6,0,0,6,15,TRUE
K-8,YORK PK-8 MAGNET SCHOOL,"ESE PlacedTotal","ESE PlacedTotal",0,3,3,0,6,12,24,TRUE
K-8,YORK PK-8 MAGNET SCHOOL,Magnet Total,Magnet Total,84,414,639,0,282,1164,2583,TRUE
K-8,YORK PK-8 MAGNET SCHOOL,"NeighborhoodTotal","NeighborhoodTotal",0,18,30,0,12,39,99,TRUE
K-8,YORK PK-8 MAGNET SCHOOL,Total,Total,84,438,678,0,300,1221,2721,TRUE
