zoned_school,current_placement,asian,black,hispanic,indian,multi,white,grand_total
Adams,Charter,7,27,99,0,7,62,202
Adams,Choice,4,26,61,0,14,50,155
Adams,Hope Sch,0,1,1,0,0,0,2
Adams,Magnet,6,72,81,2,10,53,224
Adams,Neighborhood,10,165,288,3,30,47,543
Adams,total,27,291,530,5,61,212,1126
Alafia,Charter,0,6,11,0,4,18,39
Alafia,Choice,0,0,9,0,6,28,43
Alafia,Magnet,0,1,0,0,1,0,2
Alafia,Neighborhood,6,39,107,0,42,212,406
Alafia,total,6,46,127,0,53,258,490
Alexander,Charter,0,0,32,0,0,4,36
Alexander,Choice,0,0,21,0,2,2,25
Alexander,Magnet,0,2,7,0,0,0,9
Alexander,Neighborhood,3,4,392,0,12,17,428
Alexander,total,3,6,452,0,14,23,498
Alonso,Charter,3,6,10,0,1,8,28
Alonso,Choice,0,6,25,0,5,24,60
Alonso,Hope Sch,0,0,0,0,0,1,1
Alonso,Magnet,84,14,134,0,21,150,403
Alonso,Neighborhood,99,146,9,4,89,556,15
Alonso,total,186,172,178,4,116,739,507
Anderson,Charter,0,1,4,0,2,11,18
Anderson,Choice,0,5,2,0,8,12,27
Anderson,ESE Placed,0,0,1,0,0,0,1
Anderson,Magnet,2,4,3,0,1,13,23
Anderson,Neighborhood,18,45,61,0,43,110,277
Anderson,total,20,55,71,0,54,146,346
Apollo Beach,Charter,3,8,18,0,5,62,96
Apollo Beach,Choice,0,3,2,0,2,4,11
Apollo Beach,ESE Placed,0,0,1,0,0,1,2
Apollo Beach,Magnet,5,2,9,0,12,40,68
Apollo Beach,Neighborhood,11,35,118,2,41,256,461
Apollo Beach,total,19,48,148,2,60,363,638
Armwood,Charter,14,39,46,0,6,19,124
Armwood,Choice,1,20,21,0,5,22,69
Armwood,Hope Sch,0,1,1,0,1,1,4
Armwood,Magnet,39,154,116,1,26,85,421
Armwood,Neighborhood,22,671,669,2,76,395,23
Armwood,total,76,885,853,3,114,522,641
Bailey,Charter,5,13,0,32,0,2,0
Bailey,Choice,0,9,8,11,0,9,15
Bailey,ESE Center,0,0,1,0,0,0,1
Bailey,Magnet,1,3,5,0,2,11,22
Bailey,Neighborhood,7,31,306,1,37,255,637
Bailey,total,13,56,320,44,39,277,675
Ballast Point,Charter,0,0,0,0,0,1,1
Ballast Point,Choice,0,4,1,0,3,6,14
Ballast Point,Magnet,0,0,0,0,5,10,15
Ballast Point,Neighborhood,15,19,69,0,46,226,375
Ballast Point,total,15,23,70,0,54,243,405
Barrington,Charter,1,18,38,0,4,24,85
Barrington,Choice,10,7,13,0,7,59,96
Barrington,Magnet,10,22,6,0,9,27,74
Barrington,Neighborhood,61,118,354,3,90,554,4
Barrington,total,82,165,411,3,110,664,259
Bay Crest,Charter,4,13,104,0,10,54,185
Bay Crest,Choice,5,5,54,0,11,38,113
Bay Crest,ESE Placed,0,0,0,0,0,2,2
Bay Crest,Magnet,0,3,7,0,6,13,29
Bay Crest,Neighborhood,9,53,399,1,33,58,553
Bay Crest,total,18,74,564,1,60,165,882
Bellamy,Charter,4,5,181,1,6,24,221
Bellamy,Choice,1,8,59,0,2,24,94
Bellamy,ESE Placed,0,0,1,0,0,1,2
Bellamy,Magnet,1,1,4,0,2,3,11
Bellamy,Neighborhood,19,46,385,0,14,40,504
Bellamy,total,25,60,630,1,24,92,832
Belmont,Charter,12,125,142,4,51,92,426
Belmont,Choice,0,23,21,0,6,22,72
Belmont,Magnet,4,33,25,0,16,38,116
Belmont,Neighborhood,17,371,275,9,96,186,938
Belmont,total,33,552,463,13,169,338,1552
Benito,Charter,125,23,25,3,13,40,229
Benito,Choice,9,34,13,0,4,6,66
Benito,Hope Sch,0,0,0,0,1,1,2
Benito,Magnet,56,21,9,2,7,9,104
Benito,Neighborhood,155,256,201,0,99,266,977
Benito,total,345,334,248,5,124,322,1378
Bevis,Charter,0,0,0,3,0,0,0
Bevis,Choice,1,0,0,3,0,2,0
Bevis,Magnet,0,1,0,0,0,0,0
Bevis,Neighborhood,47,15,0,111,1,60,0
Bevis,total,48,16,0,117,1,62,0
Bing,Charter,4,21,76,0,8,25,134
Bing,Choice,0,8,28,0,11,15,62
Bing,ESE Placed,0,0,1,0,0,1,2
Bing,Magnet,0,10,6,0,2,4,22
Bing,Neighborhood,7,86,258,7,20,85,451
Bing,total,11,125,369,7,41,130,671
Blake,Charter,1,35,22,0,2,10,70
Blake,Choice,1,36,25,1,6,20,89
Blake,Hope Sch,0,3,3,0,1,0,7
Blake,Magnet,4,108,68,0,5,34,219
Blake,Neighborhood,4,411,248,2,26,53,744
Blake,total,10,593,366,3,40,117,1129
Blank/Bad Addr,Charter,124,133,337,2,100,583,1279
Blank/Bad Addr,Choice,20,108,190,1,59,352,730
Blank/Bad Addr,ESE Center,0,0,0,0,1,0,1
Blank/Bad Addr,ESE Placed,0,0,0,0,0,1,1
Blank/Bad Addr,Magnet,37,50,37,0,13,50,187
Blank/Bad Addr,Neighborhood,2,23,52,0,7,64,148
Blank/Bad Addr,total,183,314,616,3,180,1050,2346
Bloomingdale,Charter,1,11,9,0,3,11,35
Bloomingdale,Choice,3,14,12,0,3,26,58
Bloomingdale,Hope Sch,0,0,2,0,1,0,3
Bloomingdale,Magnet,17,31,55,1,6,32,142
Bloomingdale,Neighborhood,64,278,750,3,170,988,22
Bloomingdale,total,85,334,828,4,183,1057,260
Boyette Springs,Charter,35,27,0,51,1,9,0
Boyette Springs,Choice,3,11,0,11,0,5,0
Boyette Springs,ESE Placed,0,0,0,0,0,1,1
Boyette Springs,Magnet,2,2,3,0,2,2,11
Boyette Springs,Neighborhood,23,77,142,1,60,281,584
Boyette Springs,total,63,117,145,63,63,298,596
Brandon,Charter,3,18,32,0,7,14,74
Brandon,Choice,8,23,64,0,10,87,192
Brandon,Hope Sch,0,1,1,0,0,1,3
Brandon,Magnet,79,113,104,0,27,108,431
Brandon,Neighborhood,36,348,587,2,65,382,33
Brandon,total,126,503,788,2,109,592,733
Brooker,Charter,22,28,63,2,6,50,171
Brooker,Choice,8,6,25,0,6,58,103
Brooker,ESE Placed,0,1,0,0,0,0,1
Brooker,Magnet,5,2,3,0,0,8,18
Brooker,Neighborhood,40,80,221,2,62,267,672
Brooker,total,75,117,312,4,74,383,965
Broward,Charter,0,10,6,0,6,19,41
Broward,Choice,0,10,6,0,3,11,30
Broward,Magnet,0,17,16,0,5,23,61
Broward,Neighborhood,1,113,55,0,15,18,202
Broward,total,1,150,83,0,29,71,334
Bryan,Charter,1,2,49,1,2,17,72
Bryan,Choice,1,5,29,0,3,35,73
Bryan,ESE Placed,0,0,0,0,0,1,1
Bryan,Magnet,1,7,11,0,5,5,29
Bryan,Neighborhood,4,38,476,2,13,76,609
Bryan,total,7,52,565,3,23,134,784
Bryant,Charter,8,1,1,0,0,10,20
Bryant,Choice,5,0,5,0,0,12,22
Bryant,ESE Placed,0,0,2,0,0,0,2
Bryant,Magnet,3,0,0,1,0,0,4
Bryant,Neighborhood,97,13,95,1,58,464,728
Bryant,total,113,14,103,2,58,486,776
Buchanan,Charter,10,12,47,0,4,80,153
Buchanan,Choice,3,14,87,0,11,89,204
Buchanan,District Assigned,0,0,1,0,0,0,1
Buchanan,Hope Sch,0,1,1,0,0,2,4
Buchanan,Magnet,5,15,33,0,8,23,84
Buchanan,Neighborhood,9,98,364,0,27,58,556
Buchanan,total,27,140,533,0,50,252,1002
Buckhorn,Charter,6,10,17,0,5,19,57
Buckhorn,Choice,0,3,19,0,3,50,75
Buckhorn,Magnet,3,0,2,0,0,0,5
Buckhorn,Neighborhood,20,55,160,1,43,248,527
Buckhorn,total,29,68,198,1,51,317,664
Burnett,Charter,6,24,31,1,8,57,127
Burnett,Choice,2,9,11,0,1,35,58
Burnett,Hope Sch,0,1,1,0,0,0,2
Burnett,Magnet,3,58,33,1,12,31,138
Burnett,Neighborhood,14,150,180,0,31,147,522
Burnett,total,25,242,256,2,52,270,847
Burney,Charter,0,10,33,1,3,10,57
Burney,Choice,0,16,24,0,5,25,70
Burney,Magnet,0,24,11,0,4,8,47
Burney,Neighborhood,0,5,8,0,1,7,21
Burney,total,0,55,76,1,13,50,195
Burns,Charter,4,15,29,0,6,38,92
Burns,Choice,2,4,17,0,4,27,54
Burns,Hope Sch,0,0,1,0,0,0,1
Burns,Magnet,3,12,9,0,5,31,60
Burns,Neighborhood,41,103,280,3,98,480,1005
Burns,total,50,134,336,3,113,576,1212
Cannella,Charter,3,14,128,1,3,29,178
Cannella,Choice,2,2,41,0,6,23,74
Cannella,Magnet,1,2,7,0,5,2,17
Cannella,Neighborhood,11,52,320,3,18,83,487
Cannella,total,17,70,496,4,32,137,756
Carrollwood,Charter,2,3,45,1,2,46,99
Carrollwood,Choice,3,4,29,0,5,27,68
Carrollwood,"District
Assigned",0,0,0,0,0,1,1
Carrollwood,ESE Placed,0,0,1,0,1,0,2
Carrollwood,Magnet,0,1,3,0,7,11,22
Carrollwood,Neighborhood,9,27,194,0,25,200,455
Carrollwood,total,14,35,272,1,40,285,647
Carrollwood K-8,Charter,0,0,6,0,1,7,14
Carrollwood K-8,Choice,0,0,5,0,0,3,8
Carrollwood K-8,Magnet,3,2,7,0,3,8,23
Carrollwood K-8,Neighborhood,1,5,24,0,3,22,55
Carrollwood K-8,total,4,7,42,0,7,40,100
Chamberlain,Charter,6,48,84,0,13,52,203
Chamberlain,Choice,7,30,71,1,8,20,137
Chamberlain,Hope Sch,0,2,1,0,0,2,5
Chamberlain,Magnet,22,65,122,1,21,83,314
Chamberlain,Neighborhood,26,305,596,0,46,138,35
Chamberlain,total,61,450,874,2,88,295,694
Chiaramonte,Charter,0,0,4,0,0,4,8
Chiaramonte,Choice,2,4,8,0,2,31,47
Chiaramonte,ESE Placed,0,0,0,0,0,1,1
Chiaramonte,Magnet,0,0,2,0,1,17,20
Chiaramonte,Neighborhood,16,46,32,0,19,75,188
Chiaramonte,total,18,50,46,0,22,128,264
Chiles,Charter,2,3,8,0,1,19,33
Chiles,Choice,8,4,17,0,2,19,50
Chiles,Magnet,1,3,4,0,3,4,15
Chiles,Neighborhood,202,110,126,2,53,223,716
Chiles,total,213,120,155,2,59,265,814
Cimino,Charter,6,14,25,0,3,28,76
Cimino,Choice,4,1,16,0,10,41,72
Cimino,Magnet,0,0,0,0,1,0,1
Cimino,Neighborhood,16,59,156,0,67,284,582
Cimino,total,26,74,197,0,81,353,731
Citrus Park,Charter,14,13,55,1,10,44,137
Citrus Park,Choice,9,7,35,0,10,45,106
Citrus Park,ESE Placed,0,0,0,0,0,1,1
Citrus Park,Magnet,3,4,1,0,1,10,19
Citrus Park,Neighborhood,32,25,169,0,40,103,369
Citrus Park,total,58,49,260,1,61,203,632
Clair Mel,Charter,1,13,51,0,4,7,76
Clair Mel,Choice,0,10,24,0,5,7,46
Clair Mel,Magnet,0,8,3,0,2,1,14
Clair Mel,Neighborhood,4,122,280,12,16,28,443
Clair Mel,total,5,153,358,12,27,43,579
Clark,Charter,7,3,0,1,0,3,0
Clark,Choice,5,16,0,18,0,1,0
Clark,Magnet,1,3,0,1,0,3,0
Clark,Neighborhood,253,133,130,2,58,156,732
Clark,total,266,155,130,22,58,163,732
Claywell,Charter,9,4,58,0,6,27,104
Claywell,Choice,2,6,36,0,9,39,92
Claywell,Magnet,0,1,5,0,0,6,12
Claywell,Neighborhood,10,31,267,1,47,167,523
Claywell,total,21,42,366,1,62,239,731
Cleveland,Charter,0,10,10,0,3,9,32
Cleveland,Choice,0,11,14,0,5,9,39
Cleveland,"District
Assigned",0,0,0,0,1,0,1
Cleveland,Magnet,0,17,7,0,3,12,39
Cleveland,Neighborhood,3,100,69,0,11,17,200
Cleveland,total,3,138,100,0,23,47,311
Coleman,Charter,0,0,2,0,1,3,6
Coleman,Choice,0,0,1,0,0,2,3
Coleman,Magnet,8,1,7,0,8,29,53
Coleman,Neighborhood,52,23,120,1,56,674,926
Coleman,total,60,24,130,1,65,708,988
Collins,Charter,20,71,75,6,14,68,254
Collins,Choice,0,8,16,0,6,26,56
Collins,Magnet,5,26,13,0,9,25,78
Collins,Neighborhood,42,346,379,3,125,514,1409
Collins,total,67,451,483,9,154,633,1797
Colson,Charter,0,5,10,0,2,9,26
Colson,Choice,0,12,24,0,4,27,67
Colson,Magnet,0,11,1,0,3,4,19
Colson,Neighborhood,7,82,190,1,40,129,449
Colson,total,7,110,225,1,49,169,561
Cork,Charter,1,2,14,0,1,38,56
Cork,Choice,0,0,18,0,1,30,49
Cork,ESE Placed,0,0,0,0,0,1,1
Cork,Magnet,0,1,5,0,0,9,15
Cork,Neighborhood,6,4,309,0,18,188,525
Cork,total,7,7,346,0,20,266,646
Corr,Charter,8,101,133,0,31,68,341
Corr,Choice,0,19,20,0,7,21,67
Corr,ESE Placed,0,0,1,0,0,0,1
Corr,Magnet,2,26,13,0,4,6,51
Corr,Neighborhood,13,168,269,1,42,97,590
Corr,total,23,314,436,1,84,192,1050
Crestwood,Charter,6,8,167,0,10,15,206
Crestwood,Choice,3,19,114,0,7,27,170
Crestwood,Magnet,2,5,8,0,4,6,25
Crestwood,Neighborhood,20,77,621,0,25,31,774
Crestwood,total,31,109,910,0,46,79,1175
Cypress Creek,Charter,4,212,232,0,70,178,696
Cypress Creek,Choice,1,43,30,0,9,34,117
Cypress Creek,ESE Placed,1,0,0,0,0,1,2
Cypress Creek,Magnet,5,25,25,0,9,12,76
Cypress Creek,Neighborhood,17,347,414,1,90,141,1010
Cypress Creek,total,28,627,701,1,178,366,1901
Davidsen,Charter,5,4,75,0,3,18,105
Davidsen,Choice,3,0,18,0,7,41,69
Davidsen,Magnet,28,1,38,0,9,81,157
Davidsen,Neighborhood,34,51,515,0,38,176,814
Davidsen,total,70,56,646,0,57,316,1145
Davis,Charter,5,1,126,0,4,9,145
Davis,Choice,1,1,62,0,2,10,76
Davis,ESE Placed,0,0,1,0,0,0,1
Davis,Magnet,1,0,3,0,1,0,5
Davis,Neighborhood,9,27,380,14,20,53,487
Davis,total,16,29,572,14,27,72,714
Dawson,Charter,30,80,0,84,5,14,0
Dawson,Choice,7,10,23,8,4,39,78
Dawson,Magnet,0,14,5,0,3,1,23
Dawson,Neighborhood,16,200,333,2,111,341,1003
Dawson,total,53,304,361,94,123,395,1104
DeSoto,Charter,0,5,5,0,1,2,13
DeSoto,Choice,0,2,2,0,0,0,4
DeSoto,Magnet,0,5,3,0,0,3,11
DeSoto,Neighborhood,1,22,101,0,7,14,145
DeSoto,total,1,34,111,0,8,19,173
Deer Park,Charter,5,2,26,0,5,21,59
Deer Park,Choice,17,2,12,0,6,24,61
Deer Park,"District
Assigned",0,0,0,0,1,0,1
Deer Park,ESE Placed,0,0,0,0,1,0,1
Deer Park,Magnet,4,0,0,0,1,1,6
Deer Park,Neighborhood,222,29,198,4,53,402,908
Deer Park,total,248,33,236,4,67,448,1036
Dickenson,Charter,15,6,74,1,2,9,107
Dickenson,Choice,1,4,39,0,2,8,54
Dickenson,ESE Placed,0,0,1,0,0,0,1
Dickenson,Magnet,4,6,7,2,7,11,37
Dickenson,Neighborhood,13,58,444,0,30,62,607
Dickenson,total,33,74,565,3,41,90,806
Doby,Charter,14,53,124,0,38,138,367
Doby,Choice,0,7,15,0,5,31,58
Doby,ESE Placed,0,0,1,0,0,2,3
Doby,Magnet,7,25,91,0,33,214,370
Doby,Neighborhood,13,119,153,1,67,220,573
Doby,total,34,204,384,1,143,605,1371
Dover,Charter,0,1,10,1,0,23,35
Dover,Choice,0,1,28,0,3,29,61
Dover,Magnet,0,2,0,0,0,0,2
Dover,Neighborhood,0,3,483,0,5,23,514
Dover,total,0,7,521,1,8,75,612
Dowdell,Charter,0,12,52,0,8,22,94
Dowdell,Choice,0,0,6,0,0,1,7
Dowdell,ESE Center,0,0,2,0,0,0,2
Dowdell,Hope Sch,0,0,3,0,0,1,4
Dowdell,Magnet,0,33,27,0,5,11,76
Dowdell,Neighborhood,2,45,228,0,23,53,351
Dowdell,total,2,90,318,0,36,88,534
Durant,Charter,1,5,5,0,2,1,14
Durant,Choice,2,9,26,0,3,50,90
Durant,Hope Sch,0,1,0,0,0,1,2
Durant,Magnet,4,22,15,0,3,22,66
Durant,Neighborhood,61,210,833,5,106,977,25
Durant,total,68,247,879,5,114,1051,197
East Bay,Charter,8,77,134,2,34,82,337
East Bay,Choice,2,61,45,0,12,57,177
East Bay,Hope Sch,0,0,1,0,3,2,6
East Bay,Magnet,20,111,75,0,33,80,319
East Bay,Neighborhood,28,484,669,6,98,474,23
East Bay,total,58,733,924,8,180,695,862
Edison,Charter,0,7,6,0,0,7,20
Edison,Choice,0,14,4,0,4,12,34
Edison,Magnet,0,33,11,0,2,15,61
Edison,Neighborhood,0,143,48,0,5,18,214
Edison,total,0,197,69,0,11,52,329
Egypt Lake,Charter,0,4,26,0,0,4,34
Egypt Lake,Choice,0,2,11,4,2,3,13
Egypt Lake,Magnet,1,0,0,2,0,2,0
Egypt Lake,Neighborhood,7,35,0,273,0,6,0
Egypt Lake,total,8,41,37,279,2,15,47
Eisenhower,Charter,24,237,322,3,100,283,969
Eisenhower,Choice,0,15,26,0,7,17,65
Eisenhower,Hope Sch,0,1,2,0,0,1,4
Eisenhower,Magnet,18,203,128,0,69,207,625
Eisenhower,Neighborhood,27,454,415,1,107,210,25
Eisenhower,total,69,910,893,4,283,718,1688
Essrig,Charter,4,5,20,39,1,22,38
Essrig,Choice,3,4,19,0,6,30,62
Essrig,ESE Placed,0,0,0,0,1,1,2
Essrig,Magnet,0,1,15,1,2,9,27
Essrig,Neighborhood,28,24,0,239,0,38,0
Essrig,total,35,34,54,279,10,100,129
Farnell,Charter,7,3,23,0,4,21,58
Farnell,Choice,2,3,3,0,3,5,16
Farnell,Magnet,49,8,12,0,2,24,95
Farnell,Neighborhood,148,48,269,4,85,536,7
Farnell,total,206,62,307,4,94,586,176
FishHawk Creek,Charter,1,4,0,6,0,2,0
FishHawk Creek,Choice,14,1,0,18,0,8,0
FishHawk Creek,Magnet,0,0,0,3,0,0,0
FishHawk Creek,Neighborhood,47,47,171,4,96,610,975
FishHawk Creek,total,62,52,171,31,96,620,975
Folsom,Charter,6,28,17,0,14,28,93
Folsom,Choice,1,12,17,0,7,18,55
Folsom,Magnet,10,26,22,0,8,10,76
Folsom,Neighborhood,10,208,109,0,30,91,448
Folsom,total,27,274,165,0,59,147,672
Forest Hills,Charter,2,17,65,0,3,15,102
Forest Hills,Choice,3,15,69,0,8,35,130
Forest Hills,"District
Assigned",0,0,1,0,0,0,1
Forest Hills,Magnet,1,13,16,0,6,12,48
Forest Hills,Neighborhood,15,137,3,393,0,34,5
Forest Hills,total,21,182,154,393,17,96,286
Foster,Charter,0,24,10,11,0,10,35
Foster,Choice,0,20,27,0,4,17,68
Foster,ESE Placed,0,1,0,0,0,0,1
Foster,Magnet,2,37,9,0,2,23,73
Foster,Neighborhood,2,214,99,2,12,9,330
Foster,total,4,296,145,13,18,59,507
Freedom,Charter,32,60,113,1,26,87,319
Freedom,Choice,2,32,45,0,6,51,136
Freedom,Hope Sch,0,1,2,0,0,0,3
Freedom,Magnet,158,62,48,1,15,67,351
Freedom,Neighborhood,73,445,766,1,100,352,23
Freedom,total,265,600,974,3,147,557,832
Frost,Charter,21,71,21,63,8,34,69
Frost,Choice,8,26,21,0,5,20,80
Frost,ESE Placed,0,1,0,0,0,0,1
Frost,Magnet,1,24,5,0,1,5,36
Frost,Neighborhood,12,182,176,1,38,52,455
Frost,total,42,304,223,64,52,111,641
Gaither,Charter,3,5,40,1,6,20,75
Gaither,Choice,1,13,31,0,2,20,67
Gaither,Magnet,15,12,19,0,16,21,83
Gaither,Neighborhood,49,142,831,2,107,560,21
Gaither,total,68,172,921,3,131,621,246
Gibsonton,Charter,1,25,0,52,0,5,0
Gibsonton,Choice,0,10,17,13,0,4,28
Gibsonton,ESE Placed,0,0,1,0,0,0,1
Gibsonton,Magnet,0,9,1,0,2,1,13
Gibsonton,Neighborhood,3,44,287,1,23,109,467
Gibsonton,total,4,88,306,66,25,119,509
Giunta,Charter,3,109,163,0,24,70,369
Giunta,Choice,3,14,27,1,4,28,77
Giunta,District Assigned,0,1,1,0,0,0,2
Giunta,Hope Sch,1,1,1,0,0,0,3
Giunta,Magnet,13,159,170,2,33,74,451
Giunta,Neighborhood,9,296,334,0,53,120,812
Giunta,total,29,580,696,3,114,292,1714
Gorrie,Charter,0,0,2,0,0,0,2
Gorrie,Choice,0,2,3,0,0,1,6
Gorrie,"District
Assigned",0,0,0,0,0,1,1
Gorrie,Magnet,1,0,0,0,1,4,6
Gorrie,Neighborhood,30,39,57,3,38,331,498
Gorrie,total,31,41,62,3,39,337,513
Grady,Charter,0,3,2,0,0,4,9
Grady,Choice,0,1,0,0,0,2,3
Grady,Magnet,4,1,2,0,3,11,21
Grady,Neighborhood,41,29,91,0,43,302,506
Grady,total,45,34,95,0,46,319,539
Graham,Charter,0,19,9,0,10,27,65
Graham,Choice,0,17,11,0,1,5,34
Graham,"District
Assigned",0,1,0,0,0,0,1
Graham,Magnet,0,46,15,0,17,35,113
Graham,Neighborhood,2,172,41,1,16,19,251
Graham,total,2,255,76,1,44,86,464
Greco,Charter,13,113,68,1,25,73,293
Greco,Choice,1,49,36,0,5,15,106
Greco,Hope Sch,0,3,2,0,0,0,5
Greco,Magnet,14,235,69,0,26,55,399
Greco,Neighborhood,20,322,174,0,53,89,658
Greco,total,48,722,349,1,109,232,1461
Hammond,Assigned,0,0,0,0,0,2,2
Hammond,Charter,6,1,6,0,1,25,39
Hammond,Choice,5,0,12,1,6,33,57
Hammond,Magnet,0,0,0,0,2,5,7
Hammond,Neighborhood,27,9,0,91,1,44,2
Hammond,total,38,10,18,92,10,109,107
Heritage,Charter,2,1,0,6,0,5,0
Heritage,Choice,12,16,0,19,0,1,0
Heritage,Magnet,0,7,0,1,0,1,0
Heritage,Neighborhood,44,139,0,90,2,52,0
Heritage,total,58,163,0,116,2,59,0
Hill,Charter,6,1,48,0,9,51,115
Hill,Choice,1,3,24,0,5,14,47
Hill,District Assigned,0,0,1,0,0,0,1
Hill,Hope Sch,0,0,1,0,0,0,1
Hill,Magnet,17,12,104,1,17,117,268
Hill,Neighborhood,27,44,326,2,32,174,605
Hill,total,51,60,504,3,63,356,1037
Hillsborough,Charter,2,51,58,0,7,24,142
Hillsborough,Choice,1,20,59,0,11,13,104
Hillsborough,Hope Sch,0,1,1,0,0,2,4
Hillsborough,Magnet,9,74,145,1,22,89,340
Hillsborough,Neighborhood,21,361,594,0,36,123,36
Hillsborough,total,33,507,857,1,76,251,626
Hunters Green,Charter,7,3,0,5,0,1,0
Hunters Green,Choice,10,2,0,6,0,1,0
Hunters Green,Magnet,0,2,0,0,0,0,0
Hunters Green,Neighborhood,99,63,0,127,2,64,0
Hunters Green,total,116,70,0,138,2,66,0
Ippolito,Charter,21,103,0,153,3,35,0
Ippolito,Choice,4,37,40,5,13,53,145
Ippolito,Magnet,0,22,6,0,4,6,38
Ippolito,Neighborhood,6,213,151,0,43,77,490
Ippolito,total,31,375,197,158,63,171,673
Jackson,Charter,0,5,58,0,4,13,80
Jackson,Choice,0,12,33,0,9,41,95
Jackson,Magnet,0,57,28,0,8,17,110
Jackson,Neighborhood,0,145,0,247,0,28,0
Jackson,total,0,219,119,247,21,99,285
James,Charter,0,64,0,10,0,5,17
James,Choice,0,47,20,0,6,8,81
James,ESE Placed,0,0,1,0,0,0,1
James,Magnet,0,76,13,0,1,2,92
James,Neighborhood,0,293,73,0,8,17,391
James,total,0,480,107,10,15,32,582
Jefferson,Charter,2,5,14,0,3,1,25
Jefferson,Choice,0,6,35,0,4,8,53
Jefferson,Magnet,4,14,98,0,7,14,137
Jefferson,Neighborhood,10,87,507,0,16,39,659
Jefferson,total,16,112,654,0,30,62,874
Jennings,Charter,10,54,30,1,10,30,135
Jennings,Choice,1,24,17,0,5,27,74
Jennings,Hope Sch,0,0,1,0,0,2,3
Jennings,Magnet,7,168,65,2,6,20,268
Jennings,Neighborhood,8,294,285,0,22,154,763
Jennings,total,26,540,398,3,43,233,1243
Kenly,Charter,3,20,23,0,6,9,61
Kenly,Choice,0,22,27,0,8,9,66
Kenly,Magnet,0,36,17,0,5,3,61
Kenly,Neighborhood,2,214,120,2,31,30,397
Kenly,total,5,292,187,2,50,51,585
Kimbell,Charter,2,52,0,24,0,10,0
Kimbell,Choice,0,37,13,4,1,3,51
Kimbell,Magnet,0,33,15,0,6,10,64
Kimbell,Neighborhood,3,190,111,1,21,30,356
Kimbell,total,5,312,139,29,28,53,471
King,Charter,13,106,75,0,9,97,300
King,Choice,1,82,32,0,13,41,169
King,Hope Sch,0,4,1,0,1,1,7
King,Magnet,41,318,148,0,26,112,645
King,Neighborhood,1,21,4,0,2,6,34
King,total,56,531,260,0,51,257,1155
Kingswood,Charter,13,29,57,1,10,24,134
Kingswood,Choice,3,12,39,0,7,42,103
Kingswood,ESE Placed,0,0,0,0,1,1,2
Kingswood,Magnet,0,7,7,0,2,6,22
Kingswood,Neighborhood,6,109,184,0,35,88,422
Kingswood,total,22,157,287,1,55,161,683
Knights,Charter,0,3,16,0,2,28,49
Knights,Choice,1,7,21,0,3,39,71
Knights,Magnet,0,1,13,0,7,19,40
Knights,Neighborhood,10,11,246,0,27,243,537
Knights,total,11,22,296,0,39,329,697
Lake Magdalene,Charter,8,11,62,0,8,92,181
Lake Magdalene,Choice,2,10,37,0,9,54,112
Lake Magdalene,Magnet,1,2,6,0,7,11,27
Lake Magdalene,Neighborhood,13,32,225,1,37,148,456
Lake Magdalene,total,24,55,330,1,61,305,776
Lamb,Charter,69,89,115,5,30,54,362
Lamb,Choice,15,75,56,0,21,30,197
Lamb,Magnet,1,32,15,1,8,6,63
Lamb,Neighborhood,0,39,12,8,3,5,45
Lamb,total,85,235,198,14,62,95,667
Lanier,Assigned,0,0,0,0,0,0,0
Lanier,Charter,2,2,0,4,0,2,0
Lanier,Choice,2,1,0,8,0,9,0
Lanier,ESE Placed,0,0,0,0,0,0,0
Lanier,Magnet,1,5,2,0,4,8,20
Lanier,Neighborhood,11,49,82,0,27,96,265
Lanier,total,16,57,84,12,31,115,285
Lennard,Charter,4,33,38,1,7,39,122
Lennard,Choice,0,18,21,0,2,35,76
Lennard,Hope Sch,0,2,0,0,0,0,2
Lennard,Magnet,4,35,16,0,9,13,77
Lennard,Neighborhood,21,499,915,3,103,438,23
Lennard,total,29,587,990,4,121,525,300
Leto,Charter,2,4,24,0,4,7,41
Leto,Choice,5,16,110,0,7,30,168
Leto,Hope Sch,0,2,3,0,0,0,5
Leto,Magnet,46,23,280,0,20,56,425
Leto,Neighborhood,25,112,13,2,29,124,26
Leto,total,78,157,430,2,60,217,665
Lewis,Charter,1,41,16,0,8,25,91
Lewis,Choice,1,15,10,0,7,6,39
Lewis,ESE Placed,0,0,0,0,1,0,1
Lewis,Magnet,3,32,7,0,5,27,74
Lewis,Neighborhood,12,157,104,1,28,83,385
Lewis,total,17,245,137,1,49,141,590
Liberty,Charter,83,16,54,3,18,130,304
Liberty,Choice,8,30,69,1,18,109,235
Liberty,Magnet,51,18,13,0,5,16,103
Liberty,Neighborhood,104,220,307,2,61,172,866
Liberty,total,246,284,443,6,102,427,1508
Limona,Charter,7,10,21,0,2,14,54
Limona,Choice,2,6,18,0,2,17,45
Limona,ESE Placed,0,0,0,0,1,0,1
Limona,Magnet,0,1,6,0,2,7,16
Limona,Neighborhood,18,77,167,2,38,155,457
Limona,total,27,94,212,2,45,193,573
Lithia Springs,Charter,0,2,3,0,1,15,21
Lithia Springs,Choice,0,2,3,1,0,19,23
Lithia Springs,Magnet,0,2,0,0,0,0,0
Lithia Springs,Neighborhood,31,10,0,63,1,43,0
Lithia Springs,total,31,16,6,64,2,77,44
Lopez,Charter,4,8,0,23,0,11,0
Lopez,Choice,0,3,4,7,0,8,10
Lopez,ESE Placed,0,0,1,0,0,0,1
Lopez,Magnet,3,2,2,0,1,3,11
Lopez,Neighborhood,5,61,170,1,29,151,417
Lopez,total,12,74,177,31,30,173,439
Lowry,Charter,14,13,46,2,9,34,118
Lowry,Choice,7,5,24,0,7,48,91
Lowry,Magnet,5,3,3,0,3,1,15
Lowry,Neighborhood,58,51,235,1,54,290,689
Lowry,total,84,72,308,3,73,373,913
Lutz,Charter,18,6,40,1,16,139,220
Lutz,Choice,3,2,18,0,4,30,57
Lutz,ESE Center,0,0,0,0,0,1,1
Lutz,Neighborhood,7,18,140,0,23,263,451
Lutz,total,28,26,198,1,43,433,729
Mabry,Charter,1,0,0,0,0,2,3
Mabry,Choice,1,0,1,0,1,6,9
Mabry,Magnet,2,0,1,0,6,22,31
Mabry,Neighborhood,26,5,98,1,57,605,792
Mabry,total,30,5,100,1,64,635,835
Madison,Charter,0,11,52,1,5,31,100
Madison,Choice,6,7,22,0,5,61,101
Madison,Hope Sch,0,1,1,0,0,1,3
Madison,Magnet,9,82,132,0,27,84,334
Madison,Neighborhood,8,124,218,1,35,104,490
Madison,total,23,225,425,2,72,281,1028
Mango,Charter,35,26,27,2,4,9,103
Mango,Choice,3,31,36,0,7,33,110
Mango,ESE Placed,0,1,0,0,0,0,1
Mango,Magnet,9,35,11,0,12,3,70
Mango,Neighborhood,19,271,306,1,41,107,745
Mango,total,66,364,380,3,64,152,1029
Maniscalco,Charter,9,6,31,0,8,89,143
Maniscalco,Choice,1,4,34,0,15,26,80
Maniscalco,Magnet,0,0,3,0,3,3,9
Maniscalco,Neighborhood,5,38,159,0,25,158,385
Maniscalco,total,15,48,227,0,51,276,617
Mann,Charter,11,19,47,0,4,38,119
Mann,Choice,3,16,48,0,8,60,135
Mann,Hope Sch,0,2,2,0,0,0,4
Mann,Magnet,2,65,28,0,9,32,136
Mann,Neighborhood,13,160,254,0,47,167,641
Mann,total,29,262,379,0,68,297,1035
Marshall,Charter,0,9,59,1,2,47,118
Marshall,Choice,1,5,12,0,1,52,71
Marshall,Hope Sch,0,0,1,0,1,0,2
Marshall,Magnet,2,26,17,0,11,26,82
Marshall,Neighborhood,6,109,521,1,31,239,907
Marshall,total,9,149,610,2,46,364,1180
Martinez,Charter,14,1,20,0,1,54,90
Martinez,Choice,2,2,8,0,3,8,23
Martinez,Magnet,24,5,11,1,13,41,95
Martinez,Neighborhood,118,33,235,1,82,598,7
Martinez,total,158,41,274,2,99,701,215
McDonald,Charter,7,10,27,1,13,25,83
McDonald,Choice,2,11,31,0,6,34,84
McDonald,ESE Placed,0,0,0,0,0,1,1
McDonald,Magnet,0,14,4,0,1,5,24
McDonald,Neighborhood,12,95,210,2,35,249,603
McDonald,total,21,130,272,3,55,314,795
McKitrick,Charter,16,3,11,1,8,29,68
McKitrick,Choice,3,0,5,0,3,21,32
McKitrick,ESE Placed,0,0,1,0,1,0,2
McKitrick,Magnet,1,0,0,0,0,2,3
McKitrick,Neighborhood,140,14,166,1,69,457,847
McKitrick,total,160,17,183,2,81,509,952
McLane,Charter,18,84,137,0,33,70,342
McLane,Choice,6,52,62,0,13,48,181
McLane,Hope Sch,0,2,8,0,0,1,11
McLane,Magnet,12,351,162,2,40,60,627
McLane,Neighborhood,16,375,230,2,41,82,746
McLane,total,52,864,599,4,127,261,1907
Memorial,Charter,4,7,109,1,9,29,159
Memorial,Choice,0,1,40,0,1,8,50
Memorial,Hope Sch,0,1,2,0,0,0,3
Memorial,Magnet,8,22,94,0,16,46,186
Memorial,Neighborhood,7,78,450,0,17,43,595
Memorial,total,19,109,695,1,43,126,993
Mendenhall,Charter,1,14,46,0,5,30,96
Mendenhall,Choice,1,4,33,0,1,12,51
Mendenhall,Magnet,5,7,16,1,3,4,36
Mendenhall,Neighborhood,5,29,390,1,4,48,477
Mendenhall,total,12,54,485,2,13,94,660
Middleton,Charter,0,68,22,0,2,4,96
Middleton,Choice,0,96,27,0,8,8,139
Middleton,Hope Sch,0,9,2,0,0,0,11
Middleton,Magnet,3,205,59,0,14,32,313
Middleton,Neighborhood,7,583,175,0,28,36,829
Middleton,total,10,961,285,0,52,80,1388
Miles,Charter,1,33,63,0,11,11,119
Miles,Choice,4,22,72,0,9,26,133
Miles,Magnet,0,21,17,0,4,6,48
Miles,Neighborhood,4,222,420,2,41,54,743
Miles,total,9,298,572,2,65,97,1043
Mintz,Charter,4,30,55,0,17,28,134
Mintz,Choice,0,4,13,1,5,22,45
Mintz,Magnet,1,3,0,0,1,2,7
Mintz,Neighborhood,21,168,251,1,67,114,622
Mintz,total,26,205,319,2,90,166,808
Mitchell,Charter,0,1,7,0,2,1,11
Mitchell,Choice,1,0,4,0,3,4,12
Mitchell,"District
Assigned",0,0,0,0,0,1,1
Mitchell,Magnet,3,0,0,0,1,12,16
Mitchell,Neighborhood,32,28,174,0,69,392,695
Mitchell,total,36,29,185,0,75,410,735
Monroe,Charter,1,9,12,0,3,13,38
Monroe,Choice,0,4,13,0,3,18,38
Monroe,Hope Sch,0,1,3,0,0,1,5
Monroe,Magnet,6,50,40,0,28,47,171
Monroe,Neighborhood,5,109,78,0,52,67,311
Monroe,total,12,173,146,0,86,146,563
Morgan Woods,Charter,6,2,105,0,9,11,133
Morgan Woods,Choice,3,4,38,0,13,9,67
Morgan Woods,ESE Placed,0,0,1,0,0,0,1
Morgan Woods,Magnet,1,0,7,0,0,2,10
Morgan Woods,Neighborhood,4,23,390,0,12,48,477
Morgan Woods,total,14,29,541,0,34,70,688
Mort,Charter,0,10,37,0,3,17,67
Mort,Choice,1,29,24,0,7,11,72
Mort,Magnet,0,18,41,0,7,2,68
Mort,Neighborhood,7,144,512,0,45,43,751
Mort,total,8,201,614,0,62,73,958
Mulrennan,Charter,2,7,27,0,5,24,65
Mulrennan,Choice,1,2,9,0,0,17,29
Mulrennan,Magnet,5,12,6,0,5,6,34
Mulrennan,Neighborhood,40,134,303,1,57,381,916
Mulrennan,total,48,155,345,1,67,428,1044
Nelson,Charter,0,9,22,0,8,17,56
Nelson,Choice,10,17,57,0,4,108,196
Nelson,ESE Placed,0,1,0,0,0,0,1
Nelson,Magnet,3,3,0,5,0,0,0
Nelson,Neighborhood,27,90,0,229,0,52,0
Nelson,total,40,120,79,234,12,177,253
Newsome,Charter,0,1,4,0,1,6,12
Newsome,Choice,4,7,6,0,3,48,68
Newsome,Hope Sch,0,0,0,0,0,1,1
Newsome,Magnet,46,9,8,1,4,32,100
Newsome,Neighborhood,152,198,573,6,240,6,14
Newsome,total,202,215,591,7,248,93,195
Northwest,Charter,2,0,1,27,0,2,2
Northwest,Choice,4,4,12,0,2,27,49
Northwest,ESE Placed,0,1,0,0,1,0,2
Northwest,Magnet,0,1,2,0,0,4,7
Northwest,Neighborhood,29,19,234,1,51,237,571
Northwest,total,35,25,249,28,54,270,631
Oak Grove,Charter,6,7,78,0,1,14,106
Oak Grove,Choice,0,6,42,0,4,8,60
Oak Grove,"District
Assigned",0,1,0,0,0,0,1
Oak Grove,ESE Placed,0,0,1,0,0,0,1
Oak Grove,Magnet,1,9,16,0,5,9,40
Oak Grove,Neighborhood,4,70,14,501,2,24,16
Oak Grove,total,11,93,151,501,12,55,224
Oak Park,Charter,0,40,0,9,0,0,0
Oak Park,Choice,0,24,7,1,3,7,40
Oak Park,Magnet,0,71,4,0,5,2,82
Oak Park,Neighborhood,1,279,57,0,18,21,376
Oak Park,total,1,414,68,10,26,30,498
Palm River,Charter,0,13,21,0,0,4,38
Palm River,Choice,0,6,20,2,2,4,34
Palm River,ESE Placed,0,0,1,0,0,0,1
Palm River,Magnet,0,9,6,0,2,5,22
Palm River,Neighborhood,0,118,182,0,13,42,355
Palm River,total,0,146,230,2,17,55,450
Pierce,Charter,4,16,176,0,6,36,238
Pierce,Choice,4,7,54,0,6,19,90
Pierce,Hope Sch,0,1,4,0,0,0,5
Pierce,Magnet,12,35,107,2,11,27,194
Pierce,Neighborhood,15,82,681,0,23,45,846
Pierce,total,35,141,1022,2,46,127,1373
Pinecrest,Charter,11,8,12,0,0,22,53
Pinecrest,Choice,11,9,27,0,8,100,155
Pinecrest,Magnet,0,5,1,0,0,1,7
Pinecrest,Neighborhood,7,23,162,1,27,356,576
Pinecrest,total,29,45,202,1,35,479,791
Pizzo,Charter,1,32,18,0,5,10,66
Pizzo,Choice,2,34,24,0,4,13,77
Pizzo,ESE Placed,0,0,1,0,0,0,1
Pizzo,Magnet,1,23,25,0,4,8,61
Pizzo,Neighborhood,17,293,322,0,40,56,728
Pizzo,total,21,382,390,0,53,87,933
Plant,Charter,0,5,4,0,0,5,14
Plant,Choice,0,4,7,0,1,12,24
Plant,Hope Sch,0,0,1,0,0,2,3
Plant,Magnet,18,8,28,0,15,132,201
Plant,Neighborhood,97,137,418,3,139,0,8
Plant,total,115,154,458,3,155,151,250
Plant City,Charter,2,0,2,0,1,1,6
Plant City,Choice,0,11,9,0,2,38,60
Plant City,Hope Sch,0,0,0,0,0,1,1
Plant City,Magnet,9,25,22,0,2,23,81
Plant City,Neighborhood,24,297,4,3,73,767,10
Plant City,total,35,333,37,3,78,830,158
Potter,Charter,2,38,13,0,4,2,59
Potter,Choice,0,46,15,0,3,3,67
Potter,ESE Placed,0,2,0,0,0,0,2
Potter,Magnet,0,160,12,0,9,7,188
Potter,Neighborhood,0,358,84,2,16,21,481
Potter,total,2,604,124,2,32,33,797
Pride,Charter,8,5,5,0,5,4,27
Pride,Choice,11,17,9,1,8,15,61
Pride,Magnet,1,3,0,0,2,1,7
Pride,Neighborhood,448,119,84,19,63,187,920
Pride,total,468,144,98,20,78,207,1015
Randall,Charter,0,0,3,0,0,4,7
Randall,Choice,0,1,2,0,0,5,8
Randall,Magnet,0,0,0,0,1,12,13
Randall,Neighborhood,66,53,190,0,95,804,11
Randall,total,66,54,195,0,96,825,39
Reddick,Charter,8,63,191,1,11,41,315
Reddick,Choice,0,12,25,0,6,15,58
Reddick,ESE Placed,0,0,0,0,0,1,1
Reddick,Magnet,0,12,9,0,6,11,38
Reddick,Neighborhood,7,94,593,0,24,86,804
Reddick,total,15,181,818,1,47,154,1216
Riverview,Charter,17,53,89,0,17,91,267
Riverview,Choice,2,32,26,0,18,75,153
Riverview,Hope Sch,0,0,1,0,0,0,1
Riverview,Magnet,26,50,28,0,10,45,159
Riverview,Neighborhood,83,499,916,4,220,958,346
Riverview,total,128,634,1060,4,265,1169,926
Robinson,Charter,0,0,27,0,0,18,45
Robinson,Choice,2,8,18,0,3,63,94
Robinson,Magnet,19,25,49,0,31,161,285
Robinson,Neighborhood,25,163,486,1,88,438,1201
Robinson,total,46,196,580,1,122,680,1625
Robles,Charter,2,97,50,0,8,14,171
Robles,Choice,0,101,22,0,10,14,147
Robles,ESE Placed,0,0,0,0,1,0,1
Robles,Magnet,1,90,23,0,9,11,134
Robles,Neighborhood,9,453,130,1,20,39,649
Robles,total,12,741,225,1,48,78,1102
Rodgers,Charter,22,96,153,1,39,93,404
Rodgers,Choice,2,7,23,0,13,52,97
Rodgers,Hope Sch,0,1,1,0,1,0,3
Rodgers,Magnet,12,75,37,1,12,65,202
Rodgers,Neighborhood,31,234,321,2,62,272,922
Rodgers,total,67,413,535,4,127,482,1628
Roosevelt,Charter,0,1,0,0,0,0,0
Roosevelt,Choice,1,1,0,3,0,0,0
Roosevelt,Magnet,4,0,0,3,0,1,0
Roosevelt,Neighborhood,26,6,0,94,0,54,0
Roosevelt,total,31,8,0,100,0,55,0
Ruskin,Charter,4,62,166,13,21,100,343
Ruskin,Choice,0,9,35,0,5,19,68
Ruskin,ESE Placed,0,0,1,0,1,0,2
Ruskin,Magnet,0,15,11,0,1,15,42
Ruskin,Neighborhood,2,140,469,0,34,103,748
Ruskin,total,6,226,682,13,62,237,1203
SEMINOLE HEIGHTS,Charter,1,3,9,0,7,36,56
SEMINOLE HEIGHTS,Choice,0,1,7,0,1,2,11
SEMINOLE HEIGHTS,Magnet,1,2,6,0,9,31,49
SEMINOLE HEIGHTS,Neighborhood,5,21,47,0,11,55,139
SEMINOLE HEIGHTS,total,7,27,69,0,28,124,255
Schmidt,Charter,0,16,27,0,5,19,67
Schmidt,Choice,2,10,18,0,5,22,57
Schmidt,Magnet,1,15,4,0,4,3,27
Schmidt,Neighborhood,9,192,202,1,40,62,506
Schmidt,total,12,233,251,1,54,106,657
Schwarzkopf,Charter,7,4,14,0,2,33,60
Schwarzkopf,Choice,2,7,19,0,5,18,51
Schwarzkopf,Magnet,0,0,0,0,0,1,1
Schwarzkopf,Neighborhood,38,27,177,0,47,205,494
Schwarzkopf,total,47,38,210,0,54,257,606
Seffner,Charter,7,16,22,0,3,52,100
Seffner,Choice,2,21,27,0,6,60,116
Seffner,Magnet,5,5,2,0,2,2,16
Seffner,Neighborhood,9,36,141,0,14,94,294
Seffner,total,23,78,192,0,25,208,526
Sessums,Charter,51,107,151,6,22,111,448
Sessums,Choice,6,16,26,0,12,55,115
Sessums,ESE Placed,0,0,0,0,0,1,1
Sessums,Magnet,0,15,13,0,1,14,43
Sessums,Neighborhood,39,224,315,1,96,256,931
Sessums,total,96,362,505,7,131,437,1538
Shaw,Charter,0,33,33,0,1,4,71
Shaw,Choice,0,13,24,0,2,6,45
Shaw,ESE Placed,0,1,0,0,0,0,1
Shaw,Magnet,3,22,15,0,1,0,41
Shaw,Neighborhood,6,212,339,2,23,24,606
Shaw,total,9,281,411,2,27,34,764
Sheehy,Charter,0,21,5,0,1,0,27
Sheehy,Choice,0,16,20,0,3,5,44
Sheehy,Magnet,0,26,4,0,2,2,34
Sheehy,Neighborhood,2,206,5,66,1,5,18
Sheehy,total,2,269,34,66,7,12,123
Shields,Charter,11,167,346,4,38,191,757
Shields,Choice,0,15,7,0,3,13,38
Shields,Hope Sch,0,0,1,0,0,2,3
Shields,Magnet,4,108,136,1,14,76,339
Shields,Neighborhood,28,477,992,1,52,194,18
Shields,total,43,767,1482,6,107,476,1155
Sickles,Charter,1,2,9,0,0,3,15
Sickles,Choice,1,3,7,0,0,8,19
Sickles,Hope Sch,0,0,1,0,0,0,1
Sickles,Magnet,72,11,21,1,9,37,151
Sickles,Neighborhood,195,95,871,2,152,942,9
Sickles,total,269,111,909,3,161,990,195
Sligh,Charter,0,28,9,0,4,11,52
Sligh,Choice,0,10,1,0,0,4,15
Sligh,Hope Sch,0,0,1,0,0,0,1
Sligh,Magnet,5,148,39,0,8,17,217
Sligh,Neighborhood,1,190,60,0,14,13,278
Sligh,total,6,376,110,0,26,45,563
Smith,Charter,5,8,119,1,3,26,162
Smith,Choice,2,2,27,0,2,17,50
Smith,District Assigned,1,0,0,0,0,0,1
Smith,Hope Sch,0,0,1,0,0,1,2
Smith,Magnet,25,8,54,0,19,94,200
Smith,Neighborhood,30,37,370,0,25,78,540
Smith,total,63,55,571,1,49,216,955
Spoto,Charter,6,35,50,0,10,18,119
Spoto,Choice,2,57,45,0,8,47,159
Spoto,Hope Sch,0,3,0,0,0,1,4
Spoto,Magnet,30,229,149,1,29,92,530
Spoto,Neighborhood,36,659,649,5,83,237,41
Spoto,total,74,983,893,6,130,395,853
Springhead,Charter,0,0,0,26,0,0,0
Springhead,Choice,0,3,5,8,0,13,17
Springhead,Magnet,0,6,10,0,3,12,31
Springhead,Neighborhood,3,25,418,1,35,192,674
Springhead,total,3,34,433,35,38,217,722
Steinbrenner,Charter,3,2,5,0,5,5,20
Steinbrenner,Choice,2,5,14,0,5,23,49
Steinbrenner,Magnet,32,3,11,0,4,31,81
Steinbrenner,Neighborhood,208,101,544,5,140,2,5
Steinbrenner,total,245,111,574,5,154,61,155
Stewart,Charter,0,9,1,0,0,1,11
Stewart,Choice,0,5,0,0,0,0,5
Stewart,Hope Sch,0,1,1,0,0,0,2
Stewart,Magnet,0,49,7,0,2,12,70
Stewart,Neighborhood,0,70,9,0,2,2,83
Stewart,total,0,134,18,0,4,15,171
Stowers,Charter,21,2,6,3,0,10,42
Stowers,Choice,10,0,9,0,2,39,60
Stowers,Magnet,0,1,1,0,0,0,2
Stowers,Neighborhood,82,21,154,6,68,472,803
Stowers,total,113,24,170,9,70,521,907
Strawberry Crest,Charter,1,1,5,0,0,1,8
Strawberry Crest,Choice,0,1,6,0,3,38,48
Strawberry Crest,Magnet,3,16,32,0,14,35,100
Strawberry Crest,Neighborhood,17,79,9,2,38,688,13
Strawberry Crest,total,21,97,52,2,55,762,169
Sulphur Springs,Charter,0,47,18,0,5,6,76
Sulphur Springs,Choice,0,48,29,0,1,6,84
Sulphur Springs,Magnet,0,34,15,0,2,3,54
Sulphur Springs,Neighborhood,2,310,121,6,15,23,458
Sulphur Springs,total,2,439,183,6,23,38,672
Sulphur Springs K-8,Charter,0,19,8,0,0,3,30
Sulphur Springs K-8,Choice,0,7,4,0,1,1,13
Sulphur Springs K-8,Hope Sch,0,1,0,0,0,0,1
Sulphur Springs K-8,Magnet,0,29,10,0,3,3,45
Sulphur Springs K-8,Neighborhood,1,108,39,0,5,4,157
Sulphur Springs K-8,total,1,164,61,0,9,11,246
Summerfield,Charter,20,55,0,88,0,20,0
Summerfield,Choice,17,7,3,14,1,8,14
Summerfield,ESE Placed,0,0,1,0,1,1,3
Summerfield,Magnet,2,7,8,0,1,9,27
Summerfield,Neighborhood,27,143,293,0,66,191,720
Summerfield,total,66,212,305,102,69,229,764
Summerfield Crossings,Charter,18,152,149,1,22,114,456
Summerfield Crossings,Choice,2,25,38,0,17,45,127
Summerfield Crossings,Magnet,3,23,13,0,8,10,57
Summerfield Crossings,Neighborhood,24,303,307,5,93,184,916
Summerfield Crossings,total,47,503,507,6,140,353,1556
Sumner,Charter,5,68,85,1,15,31,205
Sumner,Choice,4,29,37,0,8,45,123
Sumner,Hope Sch,0,1,0,0,0,4,5
Sumner,Magnet,6,112,48,2,18,46,232
Sumner,Neighborhood,59,9,9,6,228,634,27
Sumner,total,74,219,179,9,269,760,592
Symmes,Charter,15,33,71,0,26,81,226
Symmes,Choice,1,14,11,0,10,38,74
Symmes,Magnet,0,4,1,0,3,3,11
Symmes,Neighborhood,8,80,1,112,1,42,6
Symmes,total,24,131,84,112,40,164,317
Tampa Bay Boulevard,Charter,1,16,0,47,0,3,0
Tampa Bay Boulevard,Choice,0,48,33,5,7,7,92
Tampa Bay Boulevard,"District
Assigned",0,0,1,0,0,2,3
Tampa Bay Boulevard,Magnet,1,116,53,1,15,17,203
Tampa Bay Boulevard,Neighborhood,5,240,369,0,22,30,666
Tampa Bay Boulevard,total,7,420,456,53,44,59,964
Tampa Palms,Charter,2,3,5,0,1,14,25
Tampa Palms,Choice,11,15,6,0,3,5,40
Tampa Palms,ESE Placed,0,0,0,0,1,0,1
Tampa Palms,Magnet,4,4,2,0,1,0,11
Tampa Palms,Neighborhood,179,147,120,2,45,143,636
Tampa Palms,total,196,169,133,2,51,162,713
Temple Terrace,Charter,1,82,25,0,10,32,150
Temple Terrace,Choice,0,30,12,0,5,13,60
Temple Terrace,ESE Placed,0,0,1,0,0,1,2
Temple Terrace,Magnet,2,39,22,0,6,56,125
Temple Terrace,Neighborhood,12,244,108,0,28,58,450
Temple Terrace,total,15,395,168,0,49,160,787
Thompson,Charter,9,104,171,2,29,128,443
Thompson,Choice,0,11,14,0,1,29,55
Thompson,ESE Placed,0,0,0,0,0,1,1
Thompson,Magnet,0,20,9,0,4,10,43
Thompson,Neighborhood,6,208,374,1,34,108,731
Thompson,total,15,343,568,3,68,276,1273
Thonotosassa,Charter,5,41,23,1,5,20,95
Thonotosassa,Choice,11,23,25,1,5,15,80
Thonotosassa,Magnet,6,23,15,0,2,10,56
Thonotosassa,Neighborhood,10,95,113,2,36,126,382
Thonotosassa,total,32,182,176,4,48,171,613
Tinker,Charter,0,1,0,0,0,0,1
Tinker,Choice,1,0,0,0,0,2,3
Tinker,Magnet,0,2,1,0,0,2,5
Tinker,Neighborhood,11,39,77,1,59,232,419
Tinker,total,12,42,78,1,59,236,428
Tinker K-8,Charter,0,0,0,0,1,0,1
Tinker K-8,Choice,0,0,1,0,0,1,2
Tinker K-8,Magnet,0,1,1,0,0,0,2
Tinker K-8,Neighborhood,5,17,28,1,13,78,142
Tinker K-8,total,5,18,30,1,14,79,147
Tomlin,Charter,4,8,68,1,4,58,143
Tomlin,Choice,0,2,6,0,1,9,18
Tomlin,Hope Sch,0,0,0,0,0,1,1
Tomlin,Magnet,5,14,27,0,4,25,75
Tomlin,Neighborhood,17,95,753,1,47,404,28
Tomlin,total,26,119,854,2,56,497,265
Town and Country,Charter,1,1,38,0,2,3,45
Town and Country,Choice,0,0,24,0,2,8,34
Town and Country,Magnet,0,0,3,0,2,0,5
Town and Country,Neighborhood,4,15,240,0,13,10,282
Town and Country,total,5,16,305,0,19,21,366
Trapnell,Charter,0,6,19,0,0,17,42
Trapnell,Choice,3,5,18,0,4,44,74
Trapnell,Magnet,3,11,7,0,5,22,48
Trapnell,Neighborhood,11,69,317,0,10,76,483
Trapnell,total,17,91,361,0,19,159,647
Turkey Creek,Charter,1,2,30,0,2,32,67
Turkey Creek,Choice,0,2,10,0,2,28,42
Turkey Creek,Hope Sch,0,0,3,0,0,0,3
Turkey Creek,Magnet,1,9,15,0,5,12,42
Turkey Creek,Neighborhood,2,58,642,0,31,252,985
Turkey Creek,total,4,71,700,0,40,324,1139
Turner/Bartels,Charter,8,9,16,0,2,40,75
Turner/Bartels,Choice,33,14,24,1,17,47,136
Turner/Bartels,Magnet,2,1,2,0,5,6,16
Turner/Bartels,Neighborhood,128,138,129,3,76,243,717
Turner/Bartels,total,171,162,171,4,100,336,944
Turner/Bartels K-8,Charter,8,6,14,0,4,20,52
Turner/Bartels K-8,Choice,8,14,42,0,3,13,80
Turner/Bartels K-8,Magnet,34,12,15,1,0,3,65
Turner/Bartels K-8,Neighborhood,46,112,170,1,41,133,503
Turner/Bartels K-8,total,96,144,241,2,48,169,700
Twin Lakes,Charter,1,10,52,0,4,9,76
Twin Lakes,Choice,0,8,44,0,3,7,62
Twin Lakes,ESE Placed,0,0,1,0,0,0,1
Twin Lakes,Magnet,1,3,7,1,1,1,14
Twin Lakes,Neighborhood,8,65,367,0,22,31,493
Twin Lakes,total,10,86,471,1,30,48,646
Valrico,Charter,11,7,20,0,1,28,67
Valrico,Choice,2,6,16,0,5,40,69
Valrico,Magnet,12,1,1,0,3,3,20
Valrico,Neighborhood,18,74,182,1,45,249,569
Valrico,total,43,88,219,1,54,320,725
Walden Lake,Charter,1,4,10,0,1,8,24
Walden Lake,Choice,0,4,16,0,2,22,44
Walden Lake,Magnet,4,9,11,0,5,11,40
Walden Lake,Neighborhood,16,58,227,1,26,340,668
Walden Lake,total,21,75,264,1,34,381,776
Washington,Charter,0,21,12,0,4,16,53
Washington,Choice,0,13,11,0,1,5,30
Washington,Magnet,1,63,20,0,14,16,114
Washington,Neighborhood,5,174,108,1,19,16,323
Washington,total,6,271,151,1,38,53,520
Webb,Charter,6,6,185,0,10,28,235
Webb,Choice,1,2,49,0,3,10,65
Webb,District Assigned,0,0,1,0,0,0,1
Webb,Hope Sch,0,0,0,0,0,1,1
Webb,Magnet,5,12,55,0,9,18,99
Webb,Neighborhood,9,57,658,0,29,55,808
Webb,total,21,77,948,0,51,112,1209
West Shore,Charter,1,7,6,0,1,8,23
West Shore,Choice,3,15,24,0,25,35,102
West Shore,ESE Placed,0,0,0,0,0,1,1
West Shore,Magnet,0,12,10,0,13,52,87
West Shore,Neighborhood,9,115,96,0,50,118,388
West Shore,total,13,149,136,0,89,214,601
West Tampa,Charter,1,3,17,0,1,2,24
West Tampa,Choice,1,4,15,0,2,3,25
West Tampa,"District
Assigned",0,0,0,0,1,0,1
West Tampa,Magnet,3,14,33,0,10,10,70
West Tampa,Neighborhood,16,63,199,1,16,12,307
West Tampa,total,21,84,264,1,30,27,427
Westchase,Charter,4,1,16,0,2,14,37
Westchase,Choice,7,0,7,0,5,27,46
Westchase,ESE Placed,0,0,0,0,0,1,1
Westchase,Magnet,2,0,2,0,1,1,6
Westchase,Neighborhood,85,24,2,186,1,53,2
Westchase,total,98,25,27,186,9,96,92
Wharton,Charter,50,89,112,1,43,92,387
Wharton,Choice,5,38,69,2,8,36,158
Wharton,District Assigned,0,1,0,0,1,0,2
Wharton,Hope Sch,0,0,2,0,0,0,2
Wharton,Magnet,347,167,114,11,45,89,773
Wharton,Neighborhood,130,655,640,1,141,559,42
Wharton,total,532,950,937,15,238,776,1364
Wilson,Charter,2,1,3,10,3,4,11
Wilson,Choice,2,2,0,6,0,1,1
Wilson,Magnet,2,8,6,7,3,9,26
Wilson,Neighborhood,31,43,224,14,57,455,811
Wilson,total,37,54,233,37,63,469,849
Wimauma,Charter,1,11,74,0,6,23,115
Wimauma,Choice,0,5,12,0,2,22,41
Wimauma,ESE Placed,0,0,0,0,0,0,0
Wimauma,Magnet,0,1,0,6,0,2,0
Wimauma,Neighborhood,1,52,0,403,0,4,0
Wimauma,total,2,69,86,409,8,51,156
Witter,Charter,0,37,0,33,0,4,0
Witter,Choice,0,16,17,0,5,4,42
Witter,Magnet,1,15,24,0,3,3,46
Witter,Neighborhood,8,211,184,2,25,18,448
Witter,total,9,279,225,35,33,29,536
Woodbridge,Charter,1,2,96,0,5,16,120
Woodbridge,Choice,3,7,44,0,7,16,77
Woodbridge,Magnet,0,0,3,0,0,3,6
Woodbridge,Neighborhood,9,41,0,455,0,34,0
Woodbridge,total,13,50,143,455,12,69,203
Woodson,Charter,1,36,6,67,3,11,23
Woodson,Choice,0,31,26,0,5,21,83
Woodson,Magnet,1,19,21,0,2,4,47
Woodson,Neighborhood,4,201,12,233,1,25,35
Woodson,total,6,287,65,300,11,61,188
Woodson K-8,Charter,1,19,37,0,3,4,64
Woodson K-8,Choice,0,3,17,0,0,5,25
Woodson K-8,Magnet,1,28,16,0,5,3,53
Woodson K-8,Neighborhood,0,107,130,0,11,13,261
Woodson K-8,total,2,157,200,0,19,25,403
Yates,Charter,5,26,0,40,0,8,0
Yates,Choice,1,23,31,14,9,34,89
Yates,ESE Placed,0,0,0,0,1,0,1
Yates,Magnet,1,4,2,0,2,5,14
Yates,Neighborhood,12,138,295,4,40,109,598
Yates,total,19,191,328,58,52,156,702
